Country,Arts,Biology,Biomedical Research,Chemistry,Clinical Medicine,Earth and Space,Engineering and Technology,Health,Humanities,Mathematics,Physics,Professional Fields,Psychology,Social Sciences
Afghanistan,0.0,3.8925647626817925,0.4635690517622663,0.0,2.0712797144555837,0.0,0.0,0.0,0.0,0.0,0.0,0.0,0.0,0.0
Albania,19.346603848786838,0.5183034602483908,0.0,0.9324398153080191,1.7160602465175485,0.0,0.5128769085889645,0.0,0.0,1.651623108248809,0.0,0.0,0.0,5.451926986319454
Algeria,0.4756335761214712,1.1000954884621632,0.5179754348838407,1.4007993736025461,0.9024883246433287,0.975327855625152,0.9835026056158215,0.2703270225406185,0.8858706118404546,2.483667934936583,1.628249871708908,0.11515844123094887,0.19000049944213104,0.6031569144051593
Angola,0.0,0.0,1.0192575945798543,0.0,2.53731765020809,2.7144810289914076,0.0,0.0,0.0,0.0,0.0,0.0,0.0,0.0
Antarctica,0.0,0.0,5.047751896966899,0.0,1.1276967334258177,0.0,0.0,0.0,0.0,0.0,0.0,0.0,0.0,0.0
Argentina,0.22489680831614556,1.1742876692076243,1.2375175427163114,1.3312925673221603,1.096251638033499,0.8346433843008572,0.6026584553367412,0.08787654034727443,0.44901783372402343,0.5383854646046143,1.1858317539602754,0.06891465871395319,0.30133540974632955,0.5740198851824222
Australia,0.43002761510092424,2.0277329514529416,0.873647466830248,0.6980981304146108,0.9587393950215876,1.512985162430964,0.708288172647641,1.0339011512745664,1.1870214693308818,1.0877718802592322,0.55562306012122,0.777523809038202,1.3095356894921217,1.6260664875330133
Austria,1.2012145116578266,0.6709845942828069,0.6275514826131833,0.8572846271409268,1.6250119455996972,0.5710975499372765,0.7118658403267211,0.20037668290917926,0.8165373854870815,1.551719603247273,0.8318315315381882,0.2862602594254903,0.42753665873134256,0.8337385918869614
Azerbaijan,0.0,0.0,0.0,0.0,0.0,0.0,11.796168897546185,0.0,0.0,0.0,0.0,0.0,0.0,0.0
Bahamas,0.0,0.0,0.0,0.0,1.1185895948142448,1.7496664271759825,0.4386592997866742,14.10675581746894,11.206862140445155,0.0,0.0,0.0,0.0,4.662987228039969
Bahrain,0.0,0.19799550869004273,0.26199404309516755,0.22898472577608708,0.22007645593500388,1.1396437076734398,6.604221894889178,1.5751582541703535,0.3128391394925038,1.472173400293748,0.9616447696810164,3.1873086375283095,0.0,0.2603342297965691
Bangladesh,0.0,3.290734014527718,0.6941479364164495,0.6775193284505382,0.8065877571729331,0.4989039965432391,0.8628537067450887,0.9464549418618933,0.35885866906205705,0.3877196110255357,0.7774267035261068,0.43984009956452774,0.2418981410847066,3.0822896326264546
Barbados,1.9326996750634025,1.6051123519202368,0.1808771672939493,0.27944844616875647,1.3479461750634938,0.885569796630564,0.0,1.0984526216283776,0.654484662757591,0.0,0.0,3.8604825610564784,3.4742344713687525,5.219468249172925
Belgium,0.4721860490168226,0.9589584049628795,1.0996890670450714,0.9664771286255314,1.2990038425525907,0.7093756479850598,0.573124408781066,0.3524529573066204,0.881295661770412,1.131904726558495,0.9617786052615048,0.38378662332819174,0.5218131862950594,0.7302328086718012
Belize,0.0,5.960489792856494,0.0,0.0,0.0,0.0,3.932056299182061,0.0,0.0,0.0,0.0,0.0,0.0,5.224763361889477
Benin,7.474331834077785,2.1692712012075717,0.6613515923237707,0.771936657209887,1.3259592050359565,1.6465217141138597,0.0,0.0,0.0,1.9142552262458212,0.10373846152960567,0.0,0.0,2.8083834420010567
Bermuda,0.0,5.878716027005808,0.6544279795079874,0.052960637060985076,0.2924059303299213,5.801494072799809,0.0,0.0,0.0,0.0,0.0,0.0,2.560567101968077,0.7526411757420702
Bhutan,0.0,0.0,0.0,0.0,3.3830902002774534,0.0,0.0,0.0,0.0,0.0,0.0,0.0,0.0,0.0
Bolivia,0.0,1.3849579012602213,1.2407628318783062,0.29084486807119164,1.4016434476668562,1.8269112652469923,0.21330079699359164,1.714874311523441,2.5544090690622108,0.0,0.039085848399194566,0.7305309353317168,0.602653357788115,1.9131241276031403
Botswana,0.0,2.5749674161476213,0.1564385918481477,0.25895546013840304,0.7587170734656798,2.7838216413022328,0.6646977214995973,4.27517595281022,2.971795544671935,0.4281066659247477,0.10440095358295032,1.5935597922317437,1.1685433011673747,4.239477408595519
Brazil,0.4209391832578396,2.2292183008779447,1.3300330089227652,0.7693196005962424,0.6810262185131855,1.173645179619014,0.47016278858036775,2.8494143653811506,0.39448723980554096,1.3277806683318127,1.3346715959314912,0.14659321688263044,1.0711532113405058,0.656216529041197
Brunei,0.0,1.6829618238653634,0.0,0.0,0.8358222847744298,3.8747886060896954,2.4980122371274276,0.0,0.0,5.362917386784369,0.0,0.9506008217189685,0.0,2.2128409532708377
Bulgaria,0.25604104186959403,0.35855297025262617,3.058879000462743,1.6841233166812397,0.2587248850261266,0.4496270839707532,0.856118362470654,0.0,0.8051188642384908,1.3467817277205705,1.3411727795115984,0.1206622250107898,0.17533758858034032,0.15203684829130068
Burkina Faso,0.0,3.384571809261586,0.5159854006522754,0.0,1.9796405231270824,0.23319238038607856,0.11692743794695491,0.0,0.5601113772169991,0.9413567625457857,0.030608740451556586,0.0,0.0,0.0
Burma,0.0,0.6202169953917958,1.1930504231974048,0.05465067443333756,2.3219819125649352,1.2589401346524063,0.0,0.0,0.0,1.6940402132540335,0.0,0.0,0.0,0.0
Burundi,0.0,2.797980608989951,0.19040802098160217,0.4218234396020141,1.8666017915470268,1.0846167780259752,0.0,0.0,0.9473351749502316,0.0,0.5435806975836529,0.0,0.0,0.39417026515599424
Byelarus,0.0,0.0,0.0,0.0,0.0,0.0,0.0,0.0,0.0,0.0,9.263844614593792,0.0,0.0,0.0
Cambodia,0.0,0.0,1.5143255690900699,0.0,2.706472160221963,0.0,0.0,0.0,0.0,0.0,0.0,0.0,0.0,0.0
Cameroon,0.0,3.1080385740428103,0.532836555228201,1.4588192268677576,0.8839691780514028,0.341567170682051,0.6116742090880267,0.7868282935430305,2.5784623944119827,2.127363624397426,0.1152873590121232,0.37708460966239193,0.0,0.9428119015884752
Canada,1.0954777301073149,1.605632732306647,0.9137081451020719,0.6916936932324753,0.8634890301960191,1.3862409479948203,1.0142151558681978,1.2012768936010092,1.7421748176426441,1.0877035009248697,0.6709928754411744,1.1256451836327763,1.6124623378664813,1.3591322482380093
Cape Verde,0.0,0.0,0.0,0.0,3.3830902002774534,0.0,0.0,0.0,0.0,0.0,0.0,0.0,0.0,0.0
Central African Republic,0.0,1.5718806563804042,2.5948432117790485,0.12119354404732986,1.3463767424900335,0.20680225510273903,0.0,0.0,2.9803451311419846,1.001789343348395,0.0,0.0,0.0,0.0
Chad,0.0,5.960489792856494,0.0,0.0,0.8457725500693634,0.0,0.0,0.0,0.0,0.0,0.0,0.0,0.0,7.837145042834216
Chile,0.06212163901146305,1.4086332310783725,1.1465223827852913,1.0283276873101408,1.3175993960711945,1.9170748377667601,0.42104200202174846,0.3001088394413453,0.4154752000728672,0.8029250222300178,0.44726863413167295,0.27637167210741226,0.2729718281885992,0.4952753690577177
China,0.391874462391586,0.9293738711059573,1.105213861196358,1.3929309009828625,0.45383102422826943,1.8888565626645961,1.2407814830951611,0.08430735315856548,0.41872797180818117,2.42527349500613,1.9365847971155905,0.2393685353753392,0.056160331018417664,0.3534426073341981
Ciskei,0.0,0.0,5.047751896966899,0.0,1.1276967334258177,0.0,0.0,0.0,0.0,0.0,0.0,0.0,0.0,0.0
Colombia,0.0,4.514164555778186,0.6772728291925068,0.16507669541004902,0.9571309168324453,0.6933943433368079,0.3102278003285784,0.9935998073971805,0.9303027137080045,0.47514840151811794,0.2881966147242127,0.4923756770411742,1.5392333187287404,1.6373840893307525
Congo,0.0,2.205110956593088,0.10538818955330262,0.67934752306183,1.8134977941567543,0.9070599879378566,0.1933438818039796,0.2960812781709126,0.8820619646082698,0.0,0.13014692872654646,0.094597253406398,0.10405099386518996,2.874920893955765
Cook Islands,0.0,6.014187899098445,0.0,0.0,1.5543927947220735,0.0,0.0,0.0,0.0,0.0,0.33383223836373993,0.0,0.0,0.0
Costa Rica,0.0,7.252628483924335,0.3452348105806681,0.060269064141769635,0.4698914498502057,0.7713145000064175,0.01798850677028085,0.0,1.826791303525388,0.30122864069160676,0.07769768571363302,0.4435818252984063,0.49604380947817006,2.485852472995759
Croatia,0.0,0.0,0.0,9.19119246517905,0.0,0.0,0.0,0.0,0.0,0.0,0.0,0.0,0.0,0.0
Cuba,1.6301736045160156,4.844793703717084,0.9905987265554586,0.7924221173290451,0.7658938492226731,0.25798548256957016,0.16710098063850787,0.3706045988818735,0.6734863338447284,0.41750465612258975,0.5853258621125187,0.11840727441661401,0.2604810211769571,0.4364181000188124
Cyprus,2.6926806497893674,7.766860168658925,0.3390574207368194,0.0,0.2743283238792253,1.82018769399274,0.4282964818865283,0.0,0.4559213750924525,0.229874639450242,0.0,0.9779111124504282,0.0,1.707311083301924
Czech Republic,0.0,2.980244896428247,0.0,0.0,0.0,0.0,8.847126673159638,0.0,0.0,0.0,0.0,0.0,0.0,0.0
Czechoslovakia,0.17727458364580712,2.0766728108130708,0.7676887733690839,2.268474417168243,0.5900241863050583,0.8925685690741619,0.9008826620428092,0.03148570715394321,0.3864548981587945,0.9679430899831966,0.7474862443520494,0.042250351100308135,0.932773742681918,1.5477399881244291
Denmark,0.16489203999191362,0.753913557187197,1.0748119622934162,0.4705910705036271,1.7987114884835302,0.7583154502532461,0.3988423880806118,0.6263952375856245,0.4008416278344228,0.7028376900378964,0.736897977513567,0.2578953291667212,0.3509379551538848,0.53979208329643
Djibouti,0.0,0.0,0.3748330616559564,1.2285257255437345,2.0097565546202696,5.240829709438857,0.0,0.0,0.0,0.0,0.0,0.0,0.0,0.0
Dominican Republic,0.0,2.741935409202308,0.7120453850013487,0.0,1.5378199205884888,0.0,0.8319948955139075,0.0,0.0,0.8930940818765433,0.10889794671357705,0.6332195011590434,1.5671281261366385,2.026791127537524
Ecuador,2.7390510644616226,4.0935725944696015,0.7907757474854422,0.028288467378282625,0.976733359547208,1.5060514111400771,0.5203861643771018,4.670230757553937,0.0,0.0,0.28512074703063084,0.49737581649642,0.0,1.8782224464015649
Egypt,0.13732139616196753,1.5926863033056216,0.5139879576882748,3.013429362749886,0.5253760419342368,0.9289944386943569,1.8740065100345895,0.1650364872487845,0.09591074569585258,0.6310963870510563,0.7767117842244786,0.10337953764435112,0.06445525256954612,0.25294494201818407
El Salvador,11.648478757122966,1.4563151326350947,0.5946304590667815,0.0,2.1136933537510094,0.0,0.0,0.0,0.0,0.0,0.16167268088296302,0.0,0.0,3.2825738399305617
Estonia,0.0,5.418627084414995,0.0,0.0,0.0,0.0,6.4342739441161,0.0,0.0,0.0,0.0,0.0,0.0,0.0
Ethiopia,0.0,2.158370882383102,0.1206880498508483,0.56798132246248,2.0758976079233897,0.24229801031234235,0.20248864563071012,2.2739589205669897,0.1385672493818335,1.0246914798494713,0.06815130400028133,0.2972145207377182,0.0,1.1531101319792862
Fiji,0.0,4.729214906069238,0.2488328399913261,0.8058475083906987,0.3470446989486497,3.172629352898641,0.35997698513638604,1.7809887928608463,2.6528905901799775,0.26751641894170863,0.0,2.276086474538378,0.46941583516713575,1.7661171927513732
Finland,0.14751465416973628,1.0421814452508427,0.9667873312377018,0.5511226132031085,1.6529173800015329,0.6667223273742217,0.7102273220665342,0.8974509758071126,0.3282691398581109,0.8855325998890154,0.6408304889788146,0.4192335851975186,0.4795368864251159,0.5538760273572382
France,1.0230222911337714,0.7322665344081999,1.0200589323184572,1.1443747006291909,1.178772223720928,0.9392144609170249,0.6675198411878956,0.32708654637253953,0.9924652874528858,1.3268164255964279,1.2786797293522858,0.13759679144458223,0.36305600418776685,0.5122209280942573
French-Guiana,0.0,4.03766431850884,0.957423963597514,0.16603087397583705,1.6566600062475632,0.6374515136574738,0.0,0.0,0.0,0.0,0.0,0.0,0.0,0.0
French-Polynesia,0.0,3.33696794702637,0.3794131106678239,1.0481920759578167,1.0960741250189237,4.480826821621618,0.24459484766949233,0.0,0.7811132521948801,0.0,0.0,0.0,0.0,0.0
Gabon,0.0,1.7452976431563794,0.6324296548630557,0.10351089555979666,1.9448059037820962,0.6182012729480528,0.2656961023034868,0.0,0.8485000748920758,0.0,0.0,0.0,0.3753447020857158,3.2656814105784795
Gambia,0.0,0.0,1.0403763451763839,0.0,2.918238111689712,0.0,0.0,0.0,0.0,0.0,0.0,0.0,0.0,0.0
Germany,0.9031278578919066,0.8466503300068957,0.8948837034673004,1.2294561265068857,1.086460825277026,0.7944232037611334,1.217085897583104,0.23800401226339124,0.8957338167843637,1.1651495116116213,1.1079299471847097,0.2937660106568027,0.6534455867206529,0.5320010815374465
Greece,0.17698733730470084,0.9473643737381519,0.639488356179568,1.2341710154342995,0.7110786962056038,1.8868255133927452,1.8022290485247865,0.26153661566305786,0.42953098786291755,2.5973129679311975,1.2548921698321738,0.5249301974975555,0.18281517348752319,0.734048989350081
Guadeloupe,0.0,6.625944347465232,0.4178201546193808,0.3601794871991148,0.7765090270950329,1.926592634779996,0.3396209855339593,0.0,0.0,0.36456172255012104,0.0,0.0,0.0,0.0
Guatemala,0.0,1.3986498990704577,3.46780582180418,0.11981920260205754,0.7755827740495245,0.3943101333328541,0.07322784473743224,0.35323792015335703,1.3680400749221864,0.0,0.05175699355451387,0.075239108332965,0.5048253799954616,3.18178553112707
Guinea,0.0,1.9004460209107665,0.3292012106717544,0.3996170637034371,2.4515146378822124,0.6818986159785174,0.0,0.0,0.0,0.0,0.0,0.0,0.0,0.0
Guinea-Bissau,0.0,0.0,2.163322241557243,0.0,2.416493000198181,0.0,0.0,0.0,0.0,0.0,0.0,0.0,0.0,0.0
Guyana,0.0,2.8108607778908494,0.2326152947911012,0.42355725645986425,1.312181682903313,0.2710311319269456,0.2718011266715712,0.0,2.603989381144402,0.0,0.21345264088925794,0.0,0.0,5.417381366014437
Haiti,0.0,1.2009045922477837,0.30510253238886587,0.09259092476674671,2.5174371671641484,0.5687831303192209,0.0,0.0,1.5179736620774626,0.0,0.0,1.6279597685583438,0.0,0.0
Hong-Kong,0.405635786205205,0.37048040609670857,0.6589621359724863,0.7845490260241544,1.4219178727780943,0.6323266589266074,1.3145182615509703,1.3134003510044687,0.8658063321251251,1.2791817064853581,0.5848312406895311,1.0021972341550742,1.4120570924197355,1.5466394304839988
Hungary,0.42321848210058877,1.2403080348887914,1.1265507507758281,1.7913033983767164,0.8837311584325085,0.3586026171356799,0.7495750515644103,0.12668272992253066,0.9272652957437837,2.562404738123188,0.8082055167083988,0.28486080282135234,0.17518078138502877,0.5975133915676053
Iceland,0.0,1.1973681424764906,1.011352447642422,0.07650684614288632,1.1473257196849274,5.250711421610571,0.18983494461562292,2.1051253928674676,0.8779992682247866,1.4123774309454602,0.3238687098200604,0.44838831974683585,1.0357174454548748,1.0263773682186106
India,0.10606445902164925,1.671531918823796,1.1228522301946662,1.9883346259614307,0.4621992823791792,1.333178749564527,1.352891094238501,0.08611698117490516,0.2408746768965156,1.1068057016911972,1.179388128897424,0.14699698764985958,0.11808503399010468,0.5291901517198754
Indonesia,2.0102246185277624,3.3287598967567766,0.46486116377510106,0.34083081830683404,0.8052151170779909,2.6315965321676416,1.0835814829081847,2.808680333604382,0.29782266450576844,0.1716132432690141,0.20402241986696637,0.5399409108682512,0.14387457006035606,3.0802725767848886
Iran,0.0,1.0427589178855778,0.5106265424304965,1.6528761278740285,0.9546634473315723,1.2102319423352697,1.252844684862243,0.0,0.14162681358665696,4.397539851325585,0.5630533494436006,0.18986063496043062,0.36198012335136887,1.0116066017783591
Iraq,0.0,1.4687531591964222,0.6001674480013384,2.6975607803364454,0.5934041234625895,1.6223716366909655,2.0614482559368428,0.35076030726306556,0.1044957410486669,0.2634327113175726,0.5817511847005904,0.2365860391237326,0.030816672033982462,0.09661983083580626
Ireland,3.0436934768831843,1.332915100664727,0.6350040482723115,0.6642631320677952,1.3365666500506033,0.8566700138406352,0.44677282502596377,0.7828541975177359,2.366216486438353,1.157253348493817,0.6556274469495026,0.6025909570365406,0.6481162804746732,1.5444443804586085
Israel,0.6077048427912116,1.0496913049800598,0.9769533237808428,0.5809320444580471,1.1159721136135674,0.6888870931745869,0.888500556476375,0.7576429330585855,1.3268989745282063,1.3958222335042085,0.9646029209970695,1.0979213104102221,1.1885700756501294,1.4577755444627787
Italy,0.5952795970657825,0.5415692950463514,0.9288441132950565,1.2910422122908654,1.2780098376169131,0.8978384509333428,0.7178487434381088,0.09282747298311395,0.6586781885173166,1.4613958734171013,1.2394227371138424,0.14486435184729599,0.26326837399411246,0.3755846534765976
Ivory Coast,0.5625920197976695,4.866771788513117,0.44355124016620057,0.6062139697967419,1.1885255987203551,0.8427476839351028,0.05965707638733579,0.21316665216275105,0.9525738869266135,0.09605716720895888,0.1678801912748716,0.3064780377757246,0.2247376344104339,0.3831383384343591
Jamaica,0.3922080740631341,1.3176298827715516,0.7026770304809945,0.5319867147080776,1.5295552700513175,0.38845249913866453,0.13863205905722525,0.6687360577597242,1.361367866440416,0.43527737501410035,0.2694568054707003,1.3531771855183263,0.39168665595950464,4.14930511352063
Japan,0.15705272399380885,1.0208319527866876,1.0302463648404228,1.6461021338462254,0.8750994000189282,0.5341057620461506,1.517210876438331,0.060116689285512385,0.06727646883581051,0.8755645819878022,1.3952001611996665,0.0656250515867146,0.22774466767511226,0.18311161399936493
Jordan,0.0,1.339472438245221,0.3995718188274586,1.4250396586724547,0.6880220258943729,1.1099658792559477,1.3737049988415253,2.379541303140503,2.3116113768852173,1.647253854110207,0.8969004385907753,0.8924764307872345,0.29086447691377315,2.000591201923481
Kenya,0.2853193127107242,3.199448898881311,0.8436229260016073,0.07081976299484102,1.6094896551398525,0.4776830695236094,0.0983292957615786,2.364857235758127,0.5336049705473858,0.4871552379796625,0.04653036547314699,0.4878798737943987,0.4036649958562021,1.0955014891759363
Kiribati,0.0,0.0,0.0,0.0,0.6151073091413546,6.416046068525146,0.0,0.0,0.0,0.0,0.0,22.036655412576113,0.0,0.0
Kuwait,0.0,0.3977308600549437,0.8140941543735409,0.8739351616587578,1.246627363384092,2.0930759202219975,1.9623535143696482,0.24671796261546014,0.1764006414615283,2.280344527018626,0.38318487423567144,0.6621366636162985,0.2340991409771938,0.3302880570227315
Laos,0.0,7.947319723808659,0.0,0.0,0.0,7.841834083752955,0.0,0.0,0.0,0.0,0.0,0.0,0.0,0.0
Lesotho,0.0,1.839387004408323,0.0,0.40519584710561574,0.6612064608918461,2.074254423329217,0.5200368360417128,0.0,2.491105197832483,4.186700751990001,0.6125981008915805,1.7810669326843294,0.0,5.873540002711902
Libya,0.0,1.1755610146345437,0.4886394327280986,1.1253390050852516,1.0569606295197354,1.3337739515188987,1.828477326097328,0.6864003851858147,0.1363246551769204,2.3140654285054185,0.7347379775748389,0.6579097966963315,0.3216262899576997,0.5483165409944326
Liechtenstein,0.0,0.0,0.08404618970036154,0.0,0.0,0.0,1.833149088666526,0.0,0.0,0.0,7.721393920254667,0.0,0.0,0.0
Luxembourg,0.0,0.29536619389774504,0.2876568226715525,0.09109209578968336,1.8619848938428272,0.11657830649781402,1.7575395351150738,0.0,2.986802488051986,0.0,0.0918121369137145,3.136480246751968,0.8808331495703107,1.1391951829689642
Macau,0.0,0.0,0.0,0.0,0.0,0.0,0.0,0.0,12.557015460185221,0.0,0.0,0.0,29.62535493054811,0.0
Madagascar,0.0,3.044015844667458,0.4670209592633144,0.34251195349179797,1.008968438350623,1.4510621563546615,0.21221442065416565,0.0,6.680248905069351,0.29288417818309614,0.380931699821419,0.0,0.1370477586912933,1.2084954089461293
Malawi,0.0,4.656665440393113,0.1539490575202471,0.28201683742574857,0.6633253292027294,1.1016060977422912,0.043607989798343474,2.804761071177891,5.291957717790978,0.14043128565365895,0.06849302429548627,0.29870479645959247,0.1642781889786758,3.978862497541436
Malaysia,0.597693039862508,2.6803048635425046,0.7168949946723683,1.3624221177950426,0.8941988041471859,0.9655498751282854,0.5774547259432369,1.604137439864893,0.28980186201895436,1.2274386698810773,0.3511786400191942,0.9828287089477556,0.3263044812446368,1.6609224025052682
Maldives,0.0,0.0,0.0,0.0,0.0,0.0,0.0,0.0,37.671046380555666,0.0,0.0,0.0,0.0,0.0
Mali,21.000246443098465,2.8442819672257,0.08933488543399734,0.04819712881583138,1.5451869766343274,0.845042949245531,0.0,0.0,1.7778679466439493,0.29879914648444644,0.14573431485989188,0.9533424601665075,0.6990775940611774,1.479482021720146
Malta,0.0,1.0366069204967816,0.2194674737811693,0.0,1.15221187980464,0.5114239619838884,0.7693153628834468,0.0,4.913614745289869,2.4774346623732137,0.0,7.0261799866184695,0.0,2.725963493159727
Marshall Islands,0.0,9.536783668570392,1.5143255690900699,0.0,0.0,0.0,0.0,0.0,0.0,0.0,0.0,0.0,0.0,0.0
Mauritania,0.0,1.3124014222803293,0.41678685387800096,0.0,1.0863133670615674,4.3166059176621765,1.2986607960601306,0.0,0.0,0.0,0.0,0.0,0.0,6.902439670753072
Mauritius,0.0,6.6535700013281796,0.7043374739953813,0.0,0.31470606514208865,2.1884188140705922,1.6459770554715607,0.0,0.0,0.0,0.0,0.0,0.0,0.7290367481706247
Mexico,0.7010120588520828,1.4445893522578035,0.9561070933841151,0.682261947230019,1.1553897577887269,1.5302013275948383,0.4730761540485619,0.20431856677208776,1.0883372562324425,1.0373224792621896,1.2067084247287538,0.19714345187590973,0.46795097913242745,0.7841102484929792
Monaco,0.0,2.0333817100278946,0.31223207610104536,0.8011067471992989,0.6912030587258527,10.186299943844045,0.5306617685868951,0.0,0.0,0.0,0.1389142585131215,0.0,0.0,0.11752045050173135
Mongolia,0.0,1.126121160006258,1.3074599886236,1.4704242104222394,0.622847633347527,4.5104107181618875,0.1797307834480817,0.0,0.0,0.289394502106954,1.3313632097561265,0.0,0.0,0.9552770773486314
Morocco,0.0,1.7699338724336033,0.3525619891284022,1.3153122094153091,1.183867925179079,1.9354319335390782,0.514102949041741,0.329013589951689,1.2864748410252702,1.9953341146440096,0.49894871552102893,0.6307142849777044,0.0,0.8564489403321671
Mozambique,0.0,1.76439546050401,0.3304505511297116,0.2441683007827451,1.0399632114704878,2.58914446029035,0.537206932715576,0.0,0.8577847373181559,0.0,0.21094143334938428,0.9199362790828739,0.0,7.852016285799747
Namibia,0.0,5.119590817930681,0.8482736590338562,0.0,0.6738104963208206,2.684445277633274,0.0,0.0,1.875736749239287,0.0,0.0,0.0,0.9219508795813729,2.3413877306392683
Nepal,0.0,2.288275785322295,0.16770020252924656,0.44415519314741136,0.9639744052681344,2.485272530148521,0.5225349036076492,5.092149823877275,0.3034026133280928,0.509916622743074,0.17409234720990097,1.1388507006384259,1.4316156789326773,5.0706695126414525
Netherlands,0.41258588382512845,0.9881517088808749,1.1824099464254023,0.8860201703845048,1.2067120114557173,1.1343974670148362,0.601879285448133,0.5437953836462271,0.6090835601895309,0.8823640516302093,0.9490712071109755,0.44883172249181813,1.0585111354024874,0.8051557390162362
Netherlands-Antilles,0.0,3.8993858457939687,1.132206032964536,0.25769698500502025,1.6125009365808434,0.0,0.2204891382718912,0.0,0.0,0.0,0.0,0.0,0.0,0.0
New Zealand,0.4489606638029821,3.0430036532890514,0.7149163347768945,0.5354037073106208,0.9518749471401187,1.9830969227835438,0.5372862683938836,1.042541233268286,1.2274352866889955,0.761355441972811,0.3029345055356895,0.8775624748919464,1.4977180855788232,0.9355581513856033
New-Caledonia,0.0,3.2327984188281547,0.6046576800844494,1.232715756123194,1.0550622838759967,3.8356949088791494,0.0,1.2622630287492536,0.37604343438028726,0.0,0.0,0.0,0.0,0.6258614444360121
Nicaragua,0.0,2.159123635173044,0.08311336822667773,0.0,0.5514696978498373,1.0329528979696536,0.0,0.0,4.962157591291636,0.0,0.0,3.3260594063986995,0.0,12.129939089348236
Niger,0.0,2.8108178043909033,0.7507071238441898,0.3752340634824676,1.425225518593848,1.8934347633556867,0.0,0.0,0.659115150380484,0.6646490637521943,0.2431286461185641,0.0,0.0,1.9197272551947628
Nigeria,0.7539882129119704,2.8426155172250462,0.672490320602105,0.42548527722799845,1.0463217958840012,1.2523651962444284,0.6086396774982562,3.436812829994131,1.334092527050957,0.6329530974878969,0.1672802331499774,1.6583755371835112,0.6613725530475235,1.7458443332940692
Niue,0.0,0.0,0.0,0.0,3.3830902002774534,0.0,0.0,0.0,0.0,0.0,0.0,0.0,0.0,0.0
North Korea,17.114303404696052,1.8339968593404603,0.3397525315266181,1.7675370125344332,0.26023770771365035,0.0,3.3271245608463573,0.0,0.0,0.0,0.5344525739188727,1.5538667278098544,0.0,2.41142924394899
Norway,0.37138508723081753,1.2986231386909877,0.967260195304797,0.7106829039478161,1.4256576240268597,1.5621227374545084,0.5873294660314733,0.47998622283565734,0.5751445069462945,0.8325324904542201,0.40887699630460406,0.2902604221653943,0.752155600535153,1.175565862774164
Oman,0.0,2.9665110489792696,0.348922942186652,0.0,0.6080208194047038,5.637447544080467,1.8482476613666834,0.0,0.0,1.0503409628494735,0.0,1.8617758029058156,0.0,1.7335620371246196
Pakistan,0.3695454504632997,4.3191596863870245,0.43740238324867237,1.935654545563921,0.25259338491960287,0.5653382843529899,0.8547551041082051,0.49007393108684316,0.25028392423374357,0.7518978772145017,1.0856206295101793,0.5284488517809662,0.0553581241523799,1.0869501844372036
Palau,0.0,9.536783668570392,0.7571627845450349,0.0,0.0,0.0,0.0,12.645020429312003,0.0,0.0,0.0,0.0,0.0,0.0
Panama,0.0,7.102557160111286,0.8029368024965461,0.0,0.3558033910359248,0.9146031196233231,0.22653771771143227,0.0,0.4234816605358496,0.0,0.01735669113401284,0.22708269691950164,2.1231010981016722,2.1438105975277217
Papua New Guinea,0.0,1.989200218261346,0.48919325327366514,0.14904988766055846,1.6904921080822521,1.0035881715576387,0.39820331074793264,0.0,0.29921450157674623,0.276582807067409,0.10730575605327428,2.1259250649386514,0.5735656588238375,2.6291584629187033
Paraguay,0.0,3.561915501213583,0.9962668217697831,0.251951547839338,1.3076088767519767,0.0,0.0,0.0,1.239179157255121,0.0,0.12189269229728678,1.3289649645742176,0.0,2.406141021922786
People's Republic of Congo,0.0,3.473758495467326,0.5695951584020615,0.4291641112075995,1.5389770771303177,2.123719620902234,0.12239960181081459,0.0,0.0,0.1970823870267182,0.0,0.0,0.0,0.8131991334712506
Peru,1.4448224074041636,3.5707563119516346,0.9556561411192659,0.19703997015417762,0.7169542633775194,1.6494186810927078,0.3159925358673136,0.6158751596320041,3.9753277298196723,0.04111491770572482,0.09525230763239009,0.9182629227494024,0.7214507995064904,2.4065768087984596
Philippines,1.2855375078690792,6.068157099223984,0.5898868355657494,0.2531446867238181,0.6944583138023983,0.47576131034095437,0.20447697427341463,0.9289528579461033,0.39179813286049964,0.16827807724664048,0.04817435898171757,0.7392164779421415,0.32694831437852206,2.6294623306935576
Poland,0.18979491719751773,0.9916162367072611,0.7426698796968535,2.4131790733502054,0.479730628875438,0.47261252572174894,1.2788491168959002,0.1968631375477102,0.3430501122247382,2.0034795321677334,1.8923053569371098,0.18869189119984864,0.2528814131739154,0.21906457122044476
Portugal,2.5433091093971343,0.7813712668243682,0.9354241558158459,1.3422591110558708,0.7206562816435749,1.0957293955490053,1.3568908980965435,0.07167735699312391,0.59789946196532,2.1970670406192765,1.5294824397196025,0.5916025139303878,0.16583000508852713,0.6604408625971055
Qatar,0.0,2.4275449338179174,0.15831585495032546,0.6016053249935378,1.107193156454439,0.9624069102787721,2.605880947367021,0.0,0.0,0.4144072526151559,0.6147824153321335,0.4407331082515223,1.2119463380678774,0.17099225548001928
Republic of Serbia,0.0,0.0,0.0,0.0,0.0,0.0,0.0,0.0,0.0,37.987331489722614,0.0,0.0,0.0,0.0
Reunion,0.0,4.983554836761237,0.37682288547364057,0.3659399787065316,0.3142884061306195,2.3728442881163527,0.0,0.0,10.49889812862202,0.0,0.18441628297134294,0.0,0.0,0.0
Romania,0.18565716369493251,0.11336191281071979,0.542608026125088,1.9194605091265056,0.2761140309438759,0.21982542525603496,3.2267679766306463,0.10551851423998265,1.7315579444450828,3.840222611187918,1.7425529537010578,0.08006816242887432,0.0556231029483259,0.17003579821065373
Russia,0.040854249552277004,0.361442411639517,1.1688590259102252,2.1734756246642384,0.6073950918479014,1.0405811812476315,0.9689970839472418,0.010699214135571854,0.2568590142697191,0.8355415700764146,2.1591366958106555,0.019419268348863462,0.2251339335248916,0.16354442979049885
Rwanda,0.0,3.224241554615357,0.12453335272122297,0.18476446841551455,2.121850432630157,0.0,0.0,0.0,0.8261194381700812,0.0,0.0,0.0,0.0,1.3749377268130214
Samoa,0.0,3.9736598619043293,0.0,0.0,1.8794945557096965,0.0,0.0,0.0,0.0,0.0,0.0,0.0,0.0,3.4831755745929844
San Marino,0.0,0.0,0.0,0.0,3.3830902002774534,0.0,0.0,0.0,0.0,0.0,0.0,0.0,0.0,0.0
Saudi Arabia,0.0,0.876863911960189,0.4379442123495441,0.8657989880116698,1.3293947571753946,1.3508480791131243,2.402016210671482,0.2849316547956068,0.06439520522453711,1.1875392402604414,0.5401891240567122,0.6058534587147526,0.08286845273434214,0.313730618616292
Senegal,0.0,3.8993858457939687,0.8019792733498812,0.6299259633456046,0.8852946318483057,0.0,0.661467414815674,0.0,1.408263416095539,0.0,0.9812171865924887,0.0,0.0,1.1719095391153969
Senegambia,0.0,2.314286148861091,1.210428483378516,0.5087690140685939,1.2739891067262408,1.7068063138042076,0.038036784909694775,0.2718260628660483,0.6883323310608289,0.4491310036586723,0.1792277822245001,0.6079343948114061,1.3851422708278562,1.2691607372796532
Seychelles,0.0,2.487856609192276,3.555373075254947,0.0,0.38243628350962516,0.0,1.230904580613515,13.194803926238613,0.0,0.0,0.0,0.0,0.0,0.0
Sierra Leone,0.0,2.6473108136385415,0.2802405642364352,0.8199301304348989,0.9205344403412212,0.2679151557898245,0.6045216707256589,4.320153400469938,5.362608283566088,0.0,0.14066575336693393,0.9201857195056188,0.0,3.213059464415764
Singapore,0.21286673311038293,0.5450914076461247,0.5616520798855194,0.6730928709802823,1.0355671938808404,0.8534425083442747,2.084177523225122,0.594833633470884,0.9641324179700408,2.4190588884126307,0.8335214778484299,1.2626911953584692,0.29230264114848975,2.0395389525400147
Slovakia,0.0,0.0,0.0,0.0,0.0,0.0,11.796168897546185,0.0,0.0,0.0,0.0,0.0,0.0,0.0
Slovenia,0.0,0.0,0.0,0.0,0.0,0.0,11.796168897546185,0.0,0.0,0.0,0.0,0.0,0.0,0.0
Solomon Islands,0.0,3.036475932209913,0.0,0.0,2.042620498280727,1.3316322029014453,0.6677076734460106,0.0,0.0,0.0,0.0,0.0,0.0,0.8872239671133075
Somalia,0.0,2.7283423852019317,0.6357062209791202,0.6232826084403326,1.6365121885898524,0.0,0.19998348821221437,0.0,1.2772938951992723,0.0,0.15705234270321278,0.0,0.0,2.125842201010977
South Africa,0.25518237232460345,2.1811521068717634,0.7542019791366381,0.745852225739359,1.2538848267561544,1.5463211602894475,0.6911436177186411,0.298828958276123,0.9832085071340572,0.7863011088905799,0.3962540319775482,0.409317041047065,0.4966786263532477,0.8442234349656904
South Korea,0.6048066549968448,0.46757282254275145,0.4152895018182573,2.8848587918509034,0.29410994764964615,0.5228441680064051,2.8807395120321524,0.040921753151535206,0.16092232953065225,1.2539310434600845,1.4435659342129157,0.5404957503684084,0.13805773698121823,0.8166734783925893
Spain,0.5607591556313771,0.9200814361521377,1.1009608743626187,2.2413289037427013,1.021223337764187,0.4900789798204239,0.4271177039667823,0.081512943934785,1.3268522133548488,1.0271766777831242,0.8529710135662582,0.1771406081771421,0.1882626561798784,0.26744878496339636
Sri Lanka,0.0,3.1941092882449693,0.5040799180993689,0.8198269829599171,0.7666279158904642,1.6516210826150635,0.5271210930164187,1.5892106960279657,0.9540636141434147,0.835485235040823,0.8052858208116568,0.5782696714356375,0.21719123768067491,2.155974128937761
Sudan,0.0,3.391769207637764,0.5007991060840411,0.22856476841812925,1.601558998235814,0.6386278590341972,0.2687628431717436,0.6324212185179151,0.18840593566468547,0.7599511476718568,0.11840321249835364,0.16838087680209024,0.03704166230679301,1.67237434480219
Suriname,0.0,5.981701500304381,0.8083588447100016,0.0,1.3243413595392164,0.0,0.0,0.0,0.0,0.0,0.0,0.0,0.0,0.0
Swaziland,0.0,2.969110731186298,0.07543340319253143,0.0,0.6235334366638395,0.7031283362767283,0.35256295584197817,4.251750331150985,7.881364622582009,0.0,0.0,0.0,1.328160370485345,7.027078992329559
Sweden,0.39233324066513237,0.7347600736550811,1.2043793886561596,0.659627621849024,1.6775247045617885,0.7526633818454359,0.6110325464669455,0.5939315683560066,0.209015304443399,0.5048755512027263,0.6022791040242087,0.26956835454277517,0.5789616931478109,0.5601737205279951
Switzerland,0.6155240459351787,0.5165157312215614,1.0735247693350518,0.9073821708996513,1.3212829137044972,0.8044105876368405,0.8432572438001443,1.5767398405195907,0.47891702893110105,0.6573256416714109,1.2869640478165645,0.23964573310327345,0.4922879278036563,0.5876719099864586
Syria,9.15894110165552,5.571984454728626,0.31169651507857354,0.5675521933901301,0.3713855451419502,0.7465210834447498,1.011678293100016,0.0,2.326170960034313,1.563800953264739,0.3495790420601431,0.0,0.0,0.6452537942642237
Taiwan,0.23184431740319375,1.478602099318772,0.4521409562880184,1.4768966673129043,0.6023594429488561,0.3155145282851964,2.608477290729521,0.10761139004855512,0.4632160163783337,1.6421253639553688,1.1797551513723836,0.15043695089938738,0.3843499155449312,1.4368118194300235
Tanzania,0.46955731317677896,3.700508768173378,0.21055480355597486,0.11962125754913833,1.3438316499026761,0.744759741896828,0.4356774283197604,2.935609267961296,0.6360389329496485,0.04008619368813004,0.07168837266701174,1.784890319373635,0.50019526795004,2.398346436307712
Thailand,0.0,1.0251311515921218,0.9945127010568653,0.3591631013574578,1.8255757631116594,0.9909313669515312,0.6483558591789835,0.6226228272812795,0.12545006127788502,0.23493476811022423,0.23093390691417148,0.6861522402600715,0.19534034326167918,1.4461948925708976
Togo,0.0,3.528536953158221,0.8481614248922442,0.0,1.3639404226686336,1.5607630990883639,0.0,0.0,1.1534895549034656,0.0,0.0,2.474133294599003,0.0,0.959895284654357
Tonga,0.0,0.0,0.24934010468003248,0.3632084838050998,1.5782802800416222,0.0,4.661493746560513,8.328224212499666,0.0,0.0,0.0,0.0,0.0,0.0
Trinidad and Tobago,0.0,3.050217895749341,0.10058714975274236,0.4388064118022197,0.9517720896486082,1.226247407349164,1.7520948314082165,0.0,1.494400105506614,1.4719017690560914,0.39740649898852487,0.6708885360164324,0.040996385807299356,1.9521464657643242
Tunisia,0.3916723966538159,0.7799844474430714,0.342786982960651,1.5271706109339067,1.3954693239696945,1.1244214560952641,0.4395556217907914,0.44521513246463396,0.530539906935144,3.4886087034681927,0.8504836340471197,0.1896602129716941,0.1564606762810118,0.45069536477981387
Turkey,0.6084451703177235,0.7615048345024674,0.5115672727650115,1.3660546713554702,1.046922224519619,1.6753033548832303,1.7626322429063244,0.1729053409269867,0.21462747443806413,1.1447676683673254,1.003170729048707,0.5079272132097552,0.27440082686511924,0.7168045269032537
Uganda,0.0,4.61592847330938,0.49240016199462877,0.352054028253482,1.1704754444611283,0.7579404641344997,0.0,1.8106445697989748,0.2697064664659841,0.6345988012602141,0.1989739365069774,0.72312070969293,0.15907740620080618,1.5710846709505488
Ukraine,0.0,0.0,0.0,0.0,0.0,0.0,11.796168897546185,0.0,0.0,0.0,0.0,0.0,0.0,0.0
United Arab Emirates,0.0,0.19987670117165834,0.09521398715810137,1.1814862467465037,0.8092567308753669,1.479177869647407,4.5655145796008005,2.6502068805320675,0.0,3.821556332625441,0.2329875689013389,0.0,0.0931354598207814,0.1314038570825913
United Kingdom,1.0310223919490176,0.9922171094590106,1.016423523542442,0.7505994729659863,1.135513057214642,0.9933004607274565,1.0261302543861763,1.0943520909017332,1.2174678765536822,0.7498035098662507,0.7289319565127653,1.1050816842636002,0.9365446512952048,1.3651440579512737
United States,1.6838028273835943,0.939920474171653,0.9978492763215678,0.5708423409593838,1.00549270079667,1.0625114533193245,1.0021621174372348,1.8240901839547896,1.3873495043370028,0.9069506964855466,0.7896864963352286,1.9507557850275665,1.6521453875140246,1.4583964596738639
Uruguay,2.1543059236121893,1.5486788616959508,1.423536906309959,0.5747739982662609,1.7315372500895567,0.2847434307826058,0.0,0.0,0.7751244111225454,0.0,0.32142767564555264,0.0,0.43028837952865856,0.6576802101628005
Vanuatu,0.0,7.952368846886044,0.48104370047333883,0.3737206593211304,0.773769041994844,0.0,0.0,0.0,0.0,0.0,0.0,0.0,0.0,0.0
Vatican,63.14643640332512,0.0,0.0,0.0,0.0,8.235038630998831,0.0,0.0,6.415126157521311,0.0,1.288349251036224,0.0,0.0,1.779484210293485
Venezuela,1.0214796325209368,1.469498604293254,1.683928597005826,1.0649617344890807,0.7289169400115894,1.0090455995909045,0.7401687010480316,0.24444606676291167,0.582587536021629,1.2315638934412845,1.2790269440393258,0.13342071041683515,0.3829930345303944,0.40653320921068803
Vietnam,0.7480614545061877,1.1757312452146174,0.31398176551601337,1.0610174546522184,0.2796334012557715,0.5141465888479103,0.8527351010274351,0.42516179644646696,0.37998253564023654,10.175368143506528,2.403564055229434,0.0679190836476148,0.0,0.685118871774804
Yemen,0.0,4.055954592772171,0.0,0.611839735108073,0.8432702644182707,1.2180363591628114,1.6141207441168959,1.4029238641988173,0.0,1.6858283205498203,0.0,2.2411539343411357,0.0,1.3912091792013404
Yugoslavia,0.5825521921047846,0.5144467792781879,0.8951543708714895,1.5719265141824543,0.986136130882722,0.7934695949880082,1.2648440135201826,0.15175158656742954,0.507797994491521,1.6003762354675977,1.404223399529575,0.2282188657128069,0.289657585612348,0.3754510564562418
Zambia,1.608768239060339,1.6306000819239252,0.09991783906201246,0.12738237877684813,1.3987570973579424,1.538077788714765,0.13505300174949697,4.343142204035942,2.7239465913450536,0.6180337743499813,0.1674642755191552,2.483115641078447,0.4016573685260059,3.9857493996276587
Zimbabwe,0.0,2.605334888629858,0.28427772416131275,0.05360040038010556,1.910727256130043,0.5128441895928411,0.19654821823181656,1.1939202849114352,0.8473631649055846,0.7278883290171789,0.11576590048784248,0.6731552611450634,0.25914986956741626,1.5278188892167786
