Country,1973-1977,1978-1982,1983-1987,1988-1992,1993-1997,1998-2002,2003-2007,2008-2012,2013-2017
Afghanistan,0.41943907900091204,0.309318069258957,0.13807208217245226,0.19089215220763,0.0714285714285714,0.08630019186928439,0.2749452439892758,0.3734388059908653,0.30188442607287314
Albania,,0.20809693087713899,0.18160628967881198,0.34406780881814547,0.3504808558906135,0.43289640200049706,0.469814956150747,0.495281837909758,0.5439561917252896
Algeria,0.6547033640154789,0.6051031773484363,0.6317067847440885,0.613840077960977,0.4797058494868891,0.4069093943392994,0.37049556003461603,0.41516572668055807,0.4207752571363006
Andorra,,,,0.0714285714285714,0.1050403964769091,0.2577031316479991,0.18172378327417094,0.29557087365774637,0.3950514967096902
Angola,0.3534704851117867,0.1681373174368913,0.17566785378953398,0.27057776463801686,0.22833783164207844,0.4078310278233209,0.27096859668690954,0.5336694020858906,0.4480152398145143
Antarctica,0.08759822797453387,0.1905546426233038,0.09751566938509681,0.11469688443834125,,0.0714285714285714,0.0714285714285714,0.1687610574768802,0.0935538902362063
Antigua & Barbuda,,,,0.0714285714285714,0.08411608472009369,0.0714285714285714,0.20493866749608736,0.1754904891804232,0.26677182670181077
Argentina,0.5953189947485348,0.6233733371727829,0.6470148687910269,0.6773333780700077,0.6186924026167602,0.6211205726272855,0.6217496541997305,0.6776354297350786,0.6610077988165224
Armenia,0.15969628197896435,,,0.3257144186167338,0.362762181420892,0.3589284257548445,0.38348805004907316,0.39960177827177745,0.4001406410401904
Australia,0.7514206459657067,0.7748948861240472,0.773677142640858,0.7822973412179803,0.7866332523891362,0.7834873208367779,0.7696280459203106,0.7324148567708891,0.7162551128641321
Austria,0.685867189825119,0.7478956033916677,0.7259250990970174,0.7587999986763567,0.7674306838926817,0.7939248490825558,0.7992947033827748,0.8276765011253284,0.8410220341937777
Azerbaijan,0.0714285714285714,,0.0714285714285714,0.2618100701753434,0.3014545260006446,0.3253730644247541,0.35574950174838393,0.3476598737354605,0.3733316081816461
Bahamas,0.46688808095125967,0.2294175858222106,0.21070595152210603,0.1809656771410132,0.2554951989709602,0.4580475675973068,0.42776568807102067,0.3798814842880168,0.4763446574576726
Bahrain,0.0714285714285714,0.24590229269109398,0.3528755010750001,0.49373475392474775,0.5219574432377873,0.5874667357279812,0.5988849600637995,0.663755753429479,0.684476419435935
Bangladesh,0.40855063584015117,0.4905558486997581,0.5335271059243838,0.4758880810852537,0.48650262251858745,0.5430934934092906,0.6327883852917449,0.6429677446327419,0.6291143060730587
Barbados,0.3754989127756403,0.3449485869108636,0.43392492367120195,0.3634280277159707,0.4523000541302903,0.6039976126848565,0.5751562648519877,0.6091990600017267,0.5648714871953071
Belgium,0.7567349269845076,0.7387022051251635,0.7921087844001922,0.805011784913402,0.8057227583335744,0.8490612248157887,0.8819391212991683,0.8450174184027577,0.8064524854794665
Belize,0.0714285714285714,0.11156607906197669,0.19511720984613845,0.09903903924976643,0.16913999098185128,0.20805875703492382,0.20495841666437353,0.2667380694199092,0.2903786829032856
Benin,0.16135940368480595,0.3652311065501961,0.3453746546621722,0.35053480879123,0.30988370193868064,0.3315791494757063,0.41367137129129716,0.38842047360655596,0.43925066901200227
Bermuda,0.3596411720154552,0.2958490067572408,0.22844211460274788,0.24101391319607768,0.2477046637029231,0.21305176563119332,0.20263706926489622,0.19554871873095403,0.2535646227165971
Bhutan,,0.0714285714285714,0.0714285714285714,0.12945873638807026,0.22092068219415673,0.2138392710804793,0.2770694445284738,0.3601311931315977,0.5126219322546697
Bolivia,0.5173593200409412,0.4126044404913689,0.5417254600234069,0.436443583131081,0.4487003100770939,0.46504561161694613,0.33844039087732625,0.44285586664386056,0.49625222583127704
Bosnia & Herzegovina,0.0714285714285714,,,0.2035383569551089,0.4536201875722127,0.5001616601735681,0.6144719744892084,0.5698401709763347,0.7152098773593303
Botswana,0.36593554171835707,0.25249070941611396,0.4864949578012877,0.3399320281329613,0.4256778762886969,0.4649507222518925,0.5246546247227148,0.5794101674306456,0.6429709836458876
Brazil,0.7022945558451018,0.7360466209893508,0.6408106206492783,0.6573573472441003,0.6671993775177059,0.6839522964695943,0.6439840245599263,0.6449466670115114,0.6667699424218707
Brunei,0.1416858637545071,0.0885463102776427,0.33395849741457917,0.27910910661483357,0.505827826323162,0.4755525911078189,0.48990034480845146,0.5263971809462927,0.7071729409180789
Bulgaria,0.4096658435910425,0.4190486445854794,0.4699807945549094,0.5302350613192905,0.5739885548228303,0.5771886514813791,0.547574301924489,0.533651582191172,0.5104518871713388
Burkina Faso,0.35051989365779923,0.284365446645512,0.24973175537224301,0.3460262681157241,0.4759566901185244,0.4400736695692492,0.4216184665382371,0.46595110335383016,0.4253781181926305
Burma,0.3239541932237484,0.31229441729118135,0.2823317482186857,0.26803654003406197,0.27962091902886854,0.4439639159131519,0.40201488208146585,0.4607071683130092,0.5201273685721015
Burundi,0.22638018164680673,0.19689960984652988,0.32883869986242065,0.36214119880921625,0.2809358452850901,0.27870114463799367,0.4490512626908172,0.45205785534748866,0.47378749924707175
Byelarus,0.13715865963106422,,0.0714285714285714,0.32329680845287334,0.3804043259677238,0.40240284082941424,0.384636281456036,0.3986848536217168,0.3851356436269795
Cambodia,0.11062966258447493,,0.12268244285988139,0.17213631327658818,0.1786236978810306,0.23321107499761662,0.31795372356658114,0.44788436301242096,0.43317168012873786
Cameroon,0.47751604684629023,0.4699806255627118,0.4912366347013496,0.5952859389251526,0.5587599463983319,0.5683742161880304,0.5201755968454453,0.6095833774898174,0.6324629808323685
Canada,0.8427010042012875,0.8376091036895636,0.842321939572811,0.8295427131162891,0.8288690487137017,0.8171161896633511,0.8231355231941322,0.823056567540918,0.8046398585350931
Cape Verde,,,0.0714285714285714,0.09447135718713451,0.15213350522142954,0.1011851886326588,0.23986823637139543,0.3274993118187596,0.40868950470798737
Central African Republic,0.23487001463927626,0.2453485497968888,0.2975116602720609,0.2962324023305446,0.349453340097748,0.31516025006289106,0.38986616536208984,0.5350053317727346,0.40900547147431376
Chad,0.16721460565478619,0.1978858570369274,0.14607976517460408,0.1790075330444234,0.24363803491393576,0.29359459004159716,0.3126899032830348,0.3815894607455519,0.4967836811898978
Chile,0.5000155629266758,0.5653515040341323,0.6109798097415768,0.639647399192983,0.6313030119284304,0.6380019227634505,0.6235815083708217,0.6028606233921832,0.6350668573419362
China,0.39302290005594487,0.5601100228736935,0.5571917420109398,0.4776164322742137,0.4375514965447822,0.5082119912609884,0.5163477896694283,0.5525387875831949,0.5910205842843422
Ciskei,,,0.09751566938509681,0.39983640101200635,0.41275577309765854,,,,
Colombia,0.43566347751619183,0.5382751742883813,0.5054969915809857,0.5408861276696968,0.6342791816722977,0.7526129494441425,0.7317755528324441,0.7615045598490018,0.8150003292873944
Comoros,,,,0.10845244253783015,0.21491683080144441,0.13295124786839596,0.25782696038686426,0.24631376341139222,0.3443429380939953
Congo,0.5472652441277008,0.4811274349950685,0.3864167772361967,0.4654418544898148,0.48828481886129127,0.41833755851338295,0.46639046935002615,0.45055382711537384,0.4716043740745942
Cook Islands,0.0714285714285714,0.1932276574640711,0.11159816972574377,0.21399336684365022,0.23528775548777736,0.12206099868846187,0.13420801129021886,0.19131111029832137,0.21749930645050486
Costa Rica,0.29173338096319,0.28376403332868094,0.2852432941130095,0.3172471090716176,0.35160037899902385,0.4218057842397318,0.3947185707084897,0.518316828049135,0.5711872382168863
Crimea,,,,,,,,,0.08431276312570302
Croatia,0.1249210505212276,0.0714285714285714,0.0714285714285714,0.33374178424003254,0.5975412942862377,0.5868483650366794,0.6175264704646788,0.5491067201497558,0.6347578107744059
Cuba,0.41530638913605655,0.4006546975714562,0.47349187528083336,0.5365396554725643,0.5600458617432242,0.5035378885385997,0.553329171341357,0.6512272425960188,0.7137955317846845
Cyprus,0.24087618676795108,0.3177436509300884,0.3012412254781296,0.3544180254285584,0.5273383625510344,0.5491521419055911,0.5590430544586481,0.6137006392780497,0.648639149566054
Czech Republic,,0.1448102622251296,0.10742551871422734,0.21096540572676148,0.6857066547880319,0.7180801317832739,0.7395150256862946,0.7377411831618267,0.7433884547476773
Czechoslovakia,0.6097154097824269,0.5800370070869514,0.5935319411473864,0.6538515967398932,0.588769115978562,,,,
Denmark,0.6445815516357694,0.6799680831412538,0.692953190625551,0.7211728172689171,0.7491134354589328,0.7576707237639153,0.8106977857745032,0.8170163720523544,0.8017079109669445
Djibouti,,0.19311899181134318,0.16164351691018486,0.22123298233886557,0.13429049474258192,0.09719413958784373,0.2408029135150933,0.2941484713659287,0.29960502813694034
Dominican Republic,0.30463230663318797,0.3705654576600088,0.4214696810824018,0.4962170826141692,0.452070212496272,0.3862327165620708,0.284434568725778,0.3884269605975966,0.512789634711039
Ecuador,0.3031251770828227,0.46385342350653447,0.3996996865933833,0.5119244883191731,0.3551571577967447,0.43637887411740195,0.4153896667897461,0.4998890017221972,0.6402869846642255
Egypt,0.46171971714797133,0.4817777691703753,0.4577260062354739,0.4224287181502072,0.45169636596620044,0.5015994721086042,0.514587573970547,0.5968922929368212,0.622776634463344
El Salvador,0.18881531098448645,0.38014935130573513,0.1831913162544211,0.2684982873668462,0.38920025456881646,0.3442375275579924,0.349737500713762,0.4301990314214891,0.43507966585961466
Equatorial Guinea,,,,0.10686792141509016,0.23645130349449528,0.15364298157852352,0.16402625179143382,0.17848804001164553,0.3272903919431547
Eritrea,,,,,0.27123442236048667,0.4175596793166706,0.4549479004059689,0.5459905149029673,0.46699975255517123
Estonia,,,0.13673659868911692,0.5099884852914833,0.6242124865588714,0.6950575139172841,0.7209022631758071,0.6739823544672592,0.592134954775381
Ethiopia,0.5950129260099296,0.42444071759555513,0.4175362707452427,0.4332295450642205,0.37436486439527583,0.41481254431297543,0.4227914052354974,0.41867117210247906,0.4292086249222966
Fiji,0.41409075546354146,0.5024917166756319,0.4558641306237,0.38868505971811573,0.4244807965144043,0.3987888725682539,0.4588682650727044,0.4687592150200578,0.4808899348148219
Finland,0.6446118476534637,0.7071084334809303,0.7309905659478658,0.7745849643236113,0.7721092322417928,0.797920793262501,0.8417439256065089,0.8579181462753647,0.8341833150967763
France,0.669846906499999,0.7199805136313631,0.752226842802376,0.7662443692867815,0.7456153744981301,0.7460911581533001,0.7605661233084553,0.8012239233153429,0.8187338184473719
French-Guiana,0.2003582504046959,0.17087712095681318,0.18923628901863476,0.20832732198601545,0.3013651326131086,0.3102896117561402,0.4251267687912702,0.3029721487095348,0.3739680183652959
French-Polynesia,0.27515595024615114,0.21679626292165488,0.2619869177874191,0.30711396851362616,0.2444300063862921,0.31581326943610477,0.37781410570997775,0.3826942718311397,0.3573014500287507
Gabon,0.24590612637079545,0.2827794401677183,0.34172976292586854,0.4450982312569428,0.40632699597698496,0.35915940588474693,0.5268550640904865,0.48533265639938294,0.5087664622110739
Gambia,0.18077456951508608,0.20542030028767488,0.10897332194355758,0.0714285714285714,0.2786250714816967,0.3164181863566664,0.2645453217021567,0.3130369287707191,0.2959003861285735
Georgia,0.09111531001455153,,,0.3384708949215669,0.41210014483317414,0.4106960335735188,0.38679382526362993,0.4094444606263389,0.5188117480441667
Germany,0.7342262766349577,0.7836666775322849,0.7978744923281729,0.8082385859633616,0.8020113477512454,0.8380279880357716,0.8674188534210008,0.8848357058250051,0.8910310465535114
Gilbert & Ellice Islands,,0.0714285714285714,,,,,,,
Greece,0.692839134045133,0.6027255875733781,0.6032080413258538,0.627940400264195,0.6740593507634738,0.714292318386502,0.7710208852168636,0.8137267496126068,0.8476200653865074
Grenada,,,,0.0714285714285714,0.12693060806049739,0.18512956993143292,0.28386572912702923,0.2769065489931867,0.3838826495103701
Guadeloupe,0.08071657915301222,0.2288998129571349,0.20396196381532128,0.2805920528039477,0.3242466324410721,0.39860155409416664,0.3940612861420212,0.3382835758926733,0.585196465433953
Guatemala,0.3829077232921102,0.4453201121046617,0.35661995948396374,0.4018169934255502,0.3852383779752452,0.3550114290462246,0.31952547167143663,0.39201036499399344,0.3432222511834916
Guinea,0.19522639147588927,0.12674840246718766,0.21471264225382247,0.29368087004580423,0.2259707604960156,0.37571552799685415,0.30350039850449895,0.5659149782019592,0.29325887442036225
Guinea-Bissau,,,0.13890859369901598,0.13102136545200127,0.292469165994083,0.20632532088276967,0.2030708449613633,0.30101525445131194,0.24883826224948413
Guyana,0.20791530510087441,0.2961634989893567,0.28187256729799615,0.3040575521954777,0.26188121501369144,0.37638995499972894,0.3473333033256877,0.5318451087401184,0.4800583839784601
Haiti,0.15425340364543405,0.1914124544443191,0.3017077133825661,0.35114474296726017,0.22420381073584994,0.2263039034219203,0.20456639143936595,0.2746992200687066,0.34912233896634426
Hong-Kong,0.7552173491336993,0.7792819510535364,0.7709765740679075,0.7512749591447171,0.7325318878545375,0.725211972474405,,,
Hungary,0.5809681889172074,0.5794163790658227,0.6038888352119897,0.6352129309488288,0.6478570756591542,0.6279689420794384,0.7086555633912386,0.7477788185047423,0.8093972370878963
Iceland,0.3569886963043253,0.4155271339970137,0.5046414593291566,0.6091051769552556,0.7097400877390098,0.6729312900741908,0.6500249706101298,0.7051175785002918,0.6974469062681088
India,0.5854748981406408,0.5676288098459676,0.5717370172873713,0.573190297542398,0.5576783133968024,0.5518259776108917,0.551891635854118,0.5622856662178222,0.5562683712303216
Indonesia,0.4798329223369231,0.4910274828032355,0.5069133149586548,0.496899958431966,0.480201051075426,0.5666753024974622,0.6192080450535253,0.6816544026550146,0.7018374427620618
Iran,0.694416436680044,0.689995867515308,0.4743948452307757,0.5701923069004388,0.5179565178621843,0.4531014106828881,0.5250607185411684,0.5801189871120097,0.5735013855919269
Iraq,0.4951529370017982,0.5081333161604245,0.4415103180662976,0.41860280036757946,0.5188669498286995,0.366265961508094,0.6053391141200561,0.5965152988234883,0.5321615714745658
Ireland,0.6821582892085908,0.646542175160979,0.6840164909603048,0.774720090434953,0.8173625674950101,0.8009696018661652,0.8395451915128933,0.8309278255474934,0.7840965043415072
Israel,0.8240797501199337,0.8378883150629653,0.8457877817130052,0.8421875791734896,0.8357115232709709,0.85129248894224,0.8408864899704129,0.7997321632522743,0.7649916799394698
Italy,0.6080306202955477,0.6535486621037365,0.6697643412300514,0.6838570529907051,0.7160666771608161,0.7282682418063142,0.761259205886383,0.8356430068133791,0.8616848879568686
Ivory Coast,0.33224582368289934,0.3251461323101805,0.4193935116179197,0.3546431233003331,0.516452231182668,0.45472700982175573,0.5983227251224377,0.5280279367656204,0.5601771052342799
Jamaica,0.5048384036251214,0.5346471120739733,0.5438024673784446,0.5814432885848317,0.6071333601653447,0.5871085206768852,0.6383091968296193,0.5761818922467744,0.5961778777590718
Japan,0.5364156278330653,0.5664254996086946,0.5478275309176399,0.5352118555466471,0.5401669400193843,0.5506161480210433,0.5849492977512118,0.6321533534400967,0.6433629668082731
Jordan,0.45521855098170827,0.7415978436928223,0.6648816478752062,0.6813851491942446,0.6507753975716372,0.652324720565698,0.6370737237568971,0.7427832115478767,0.7284653095566458
Kazakhstan,,,,0.31976335822992163,0.40812202193994673,0.43481452251517705,0.400279170037976,0.48381623441034094,0.5938071515176184
Kenya,0.4360660534905244,0.5303957316329245,0.4771800373104548,0.4519340289391822,0.3882030796243774,0.4428589797268594,0.4519626540066519,0.47068292546411994,0.49699815896608723
Kiribati,,,0.10900701303525118,0.0714285714285714,0.0714285714285714,,0.13491866179872225,0.0714285714285714,0.35632588159858003
Kuwait,0.5270874560271728,0.6030090482322088,0.5265544751052661,0.5967340803110605,0.5901286816621483,0.6206787649190231,0.6830859770862662,0.7454630106222855,0.7399856014348903
Kyrgyzstan,,,,0.30522477394519754,0.5668516879668761,0.31859555643447013,0.4110094969730981,0.6249310580268591,0.5690573029911904
Laos,0.0714285714285714,0.0714285714285714,0.14237993624637446,0.19351587081571942,0.22949221762164618,0.2138819198658043,0.29049410774634077,0.4225649422597836,0.4160349558648405
Latvia,,,,0.2602934274529254,0.47136793841114843,0.49886704858816044,0.5450794584064254,0.6234313866571819,0.7121869844560202
Lesotho,0.30109666776769684,0.3284941621909804,0.4048445389689659,0.38126076449860213,0.500408253744613,0.300036939889077,0.341829817604283,0.5379768533982309,0.3865780670264034
Libya,0.48575514388092544,0.4470109830153295,0.6157766877824854,0.5182790174820062,0.604279578526535,0.3724563707437548,0.47761504874337424,0.5806496278828704,0.650093574120649
Liechtenstein,0.14620357152959784,0.09309015354521455,0.10108972125080962,0.2512935125003495,0.3334537918637507,0.36943271826719026,0.3470541251081034,0.43032519933369406,0.2688020299961732
Lithuania,0.0714285714285714,0.0714285714285714,,0.423332673357275,0.44464831402319416,0.5473113931939821,0.6505021898627654,0.5311413202544255,0.5854694518162282
Luxembourg,0.28222388108068464,0.2671967425716314,0.3809721508405044,0.4211521969626657,0.5185233173657973,0.6295759466529702,0.6969987330359275,0.730903080571919,0.660890876326513
Macau,,0.0714285714285714,0.11395485278352135,0.3229663022524544,0.2877256457972972,0.37708181844097965,0.3188385674200388,,0.12412304283620068
Macedonia,,,,0.10880940773118153,0.42782564961965186,0.4065045182816929,0.5898994370165918,0.7294261450986963,0.7259425599469803
Madagascar,0.2844104704081597,0.4358780763169162,0.3177205443740868,0.3628813508803278,0.41864888512715426,0.42491883369991135,0.4602408288834575,0.42117800121782933,0.3922918297887069
Malawi,0.25061201232353036,0.3686202521178321,0.3469753273050983,0.4054630308466295,0.41726350286416847,0.3701318232705617,0.36623671442208894,0.3016157648573454,0.29973893792259765
Malaysia,0.5684258251633212,0.6190614614053076,0.6661314738538311,0.6852992068571093,0.6344406653093375,0.6269277972277325,0.6499175501530994,0.6851120519748638,0.724993473718807
Maldives,0.07546569886464582,0.0714285714285714,0.0714285714285714,0.08764080956426434,0.11967453317336363,0.32230353352089214,0.21838855539986568,0.30681010473847226,0.2414628608058329
Mali,0.22828153442799337,0.24504895784688563,0.23717298266334275,0.34402426902587535,0.3118398082680832,0.2557602212814951,0.3154925503780308,0.4068529967818283,0.4613300029537186
Malta,0.40533440642400154,0.43229586894417094,0.32886859372859545,0.36262261647098026,0.41350620793966864,0.5073922511751128,0.5799609348948389,0.6281252541876996,0.6499128652201436
Marshall Islands,0.11927124436453662,0.07601254770533816,0.09100418320684411,0.14554246022617323,0.21302136650844328,0.18613592055164552,0.23442983003148743,0.2842144506155798,0.39537519108419394
Mauritania,0.13268394600793698,0.16718243912638175,0.23229863347999902,0.2825445852297722,0.3839714182904569,0.42794864449698067,0.27971252079547626,0.46545961191422125,0.5360995026193092
Mauritius,0.1647439373760975,0.18199111916997113,0.21221124904630229,0.13950799091519805,0.44616775219621696,0.40777366425751793,0.5166461072904962,0.5303377717508065,0.6240909195901834
Mexico,0.7202957420010823,0.7302827822523033,0.7268909594864547,0.7218207517502555,0.6902145985793873,0.70955616036949,0.699069128386661,0.7470211632139157,0.7287335544131509
Monaco,0.2820821393939552,0.21769699940333453,0.1779989950734293,0.17184585880038283,0.2247044407460722,0.2337200429524532,0.27850223665430174,0.3870801834150891,0.4429789529438354
Mongolia,0.23143135478957277,0.3695957211969009,0.36866341143095516,0.4516834079985449,0.4515146649438979,0.42459267213041996,0.5531899657538335,0.5048968466606408,0.516131463804922
Montenegro,,,,0.0714285714285714,0.0714285714285714,,0.39895288878679736,0.41744786497187136,0.4949781148955219
Morocco,0.43110154261949885,0.6523448450403846,0.5877776955652597,0.5121192992053127,0.4695576098022717,0.47292030372988936,0.4811861107068065,0.5232025963013153,0.5454736239423016
Mozambique,0.4548563975910944,0.31485774957989143,0.3038549940468638,0.3296556844280304,0.2791660582416612,0.3677117461215792,0.5013156573527326,0.4434215109146925,0.4951525027557372
Namibia,0.22790332182153938,0.27104231494294073,0.31799543885024373,0.2110823325822212,0.3425874328858699,0.31607246715021176,0.3116615987192629,0.49357256439375663,0.5576368224760067
Nauru,,,,0.0714285714285714,,,,0.0714285714285714,0.18327314093452496
Nepal,0.41840456051060093,0.4432743401178285,0.4377633334681462,0.4235440845727647,0.421782324759979,0.52312899321096,0.45484586275464,0.45021640897189985,0.4774453887847022
Netherlands,0.7271086924383584,0.7715452697884111,0.8216532959385131,0.8403437452266345,0.8583847131898097,0.8422075450672486,0.781339399364477,0.7337391651054415,0.7169851026595067
Netherlands-Antilles,0.277213211286541,0.14394415557846485,0.18238744846157162,0.245703163416796,0.345638093436878,0.24695025431997641,0.3619553693781157,0.4341069084064022,0.5553326838001437
New Zealand,0.6053658520964982,0.6449063863018747,0.6719017143849537,0.6899010103557703,0.696023310748543,0.7000577077244169,0.7170599251208336,0.7117254355607987,0.7010428740255292
New-Caledonia,0.12288617436099536,0.22885504149080327,0.34095933738111006,0.2558920475139015,0.3065877721190625,0.2398366766713147,0.28063485716581504,0.30876227699215464,0.3536079153167321
Nicaragua,0.3712570975551188,0.24709748898475936,0.22156074183219587,0.2898890949303523,0.37939386419323484,0.3056720234959188,0.39481493179512783,0.3482647623018017,0.381252792370379
Niger,0.21793291214989274,0.4283367662671106,0.40170245768366997,0.3413890061864734,0.3700446706326682,0.3179868574094701,0.5036786512828727,0.424181116074014,0.4341324021621811
Nigeria,0.6042375082601488,0.6716157001307645,0.6192079087108766,0.5944896265913541,0.5710698104399516,0.56873366036558,0.5833156734395524,0.6544194335213785,0.6876221554876302
Niue,,,0.0714285714285714,,,,0.0714285714285714,,0.1503036623605022
North Korea,0.0714285714285714,0.11078381356330325,0.24867628879228731,0.43699185627837167,0.08146814157126137,0.13713571446821649,0.4190534925724728,0.4799194175076871,0.33416706218818304
Norway,0.6756569540250481,0.7357377167003505,0.7268051675275811,0.7474483674048809,0.7523071333979163,0.7442023505228501,0.7527688875076699,0.7446031136838548,0.7361206433299997
Oman,0.0714285714285714,0.20586156637595365,0.34292093636969057,0.47742895284307696,0.4464977506850569,0.5106636494792398,0.5157915141026309,0.6788794745595335,0.747632030175176
Pakistan,0.5218664043703017,0.5243038787392298,0.5081546619176569,0.45715445818175626,0.5486450398532401,0.4978066812515344,0.4894737586919198,0.5256149086369928,0.5664426294589873
Palau,0.0714285714285714,0.07677713011056397,0.14025163129809637,0.08022226379065267,0.0810373884214739,0.2743501683913997,0.27086249018526254,0.24399215495826454,0.33339957737780235
Palestine,,,,,,0.0714285714285714,0.0714285714285714,0.0714285714285714,0.689269082518877
Panama,0.3271478918343851,0.28792787149144317,0.2722626566691435,0.2752247903541739,0.24171938939995763,0.2669351686538164,0.2769655427250741,0.29823708092713674,0.35039889330364615
Papua New Guinea,0.4460723906965781,0.4906400624646373,0.4529952268177023,0.6210848175735393,0.5701702609192703,0.44282360118932573,0.5104573576486424,0.505782336493263,0.4688000143945942
Paraguay,0.3096009159401787,0.19548691792740602,0.34264640151689996,0.3219372905981537,0.2844899433957766,0.3187801618326971,0.34981059272228443,0.41784430515599424,0.47836430360697946
People's Republic of Congo,0.3632761179687799,0.3598003269658475,0.28884214205697134,0.44802066918175054,0.2563104024158862,,,,
Peru,0.4981920267069109,0.5393640722434165,0.4988600590421942,0.5325100636336317,0.5283236085727094,0.4929251819186139,0.6243289134034138,0.6323739674561137,0.6632058505285692
Philippines,0.404901672010355,0.4275507558984213,0.407137312926773,0.4330632839490799,0.4234736144667054,0.5008049217450878,0.5559453415983542,0.5927955762789705,0.5819924039135039
Poland,0.5290237823789222,0.55083694199452,0.5318879784975092,0.5195428760268153,0.524911432287369,0.5387978079390054,0.5882041776928231,0.6647585434294738,0.71459289372857
Portugal,0.500973355585234,0.55776727093564,0.6430096799929852,0.6919128336583478,0.7122199389045257,0.6778563707937244,0.6981499778756158,0.8219549322880861,0.8445352280649723
Qatar,0.0714285714285714,0.5065110954723783,0.44775731682319964,0.43065617786713817,0.4748820687144816,0.434140907413502,0.5581854062192503,0.760759440049865,0.7646292120782919
Republic of Kosovo,,,,,,,,0.15776977910083878,0.5806007085989422
Republic of Serbia,0.08424632992123315,0.0714285714285714,0.0714285714285714,0.23849517393237307,0.182191323770044,0.0714285714285714,0.6193156610722034,0.7046065459838604,0.7923213396565415
Reunion,0.08829966349287788,0.2142302363214582,0.18364961189203832,0.4484385861034673,0.3385703732689762,0.4634533437720342,0.4000583483955682,0.48901513849282563,0.43261096158168744
Romania,0.44167510230301155,0.4220816019660776,0.3943733521536059,0.3844896310929097,0.3870322057543325,0.372581203396083,0.4648112547316995,0.5743968801748205,0.6479511738819603
Russia,0.4224044307691175,0.45320754776393,0.475634749510946,0.5097740354733873,0.5203083460928424,0.4946743765898821,0.5005126633472523,0.4835641141248759,0.48843332286315955
Rwanda,0.1441133150172218,0.18864390931007813,0.2298391257081891,0.23812170663265686,0.24111461314402882,0.30190375999152563,0.36406931298550593,0.46300158539811165,0.4992378946817452
Saint-Vincent-et-les-Grenadines,0.0714285714285714,,,,0.1295824142827886,0.12811023995429582,0.08808887591251413,0.19337743596318813,0.39095760168365723
Samoa,0.0918555554133269,0.08816532866152649,0.1822424518299922,0.1657601084946636,0.21849442810061614,0.17086906729807316,0.26234809871452647,0.15844354156708584,0.32727916082260344
San Marino,0.0714285714285714,0.0714285714285714,0.0714285714285714,0.14002915946337002,0.08935774244943084,0.1017362782047927,0.18705217966676757,0.36415078337537865,0.1968153833848405
Sao Tome & Principe,,,,,0.0714285714285714,0.1533317382234599,0.17986017086739758,0.14708451246634902,0.18118586286376426
Saudi Arabia,0.4256102864034378,0.5192315775756028,0.5367250589114334,0.5273940990383412,0.560879101684021,0.5249462883934812,0.5138616835502661,0.5421889605994572,0.5901117798766893
Senegal,0.5833007191548927,0.5016802044569446,0.3810386119714152,0.2535515555796548,0.5365082915801704,0.4303875259705484,0.5857625402746809,0.6144400489164046,0.5587666539933293
Senegambia,,0.4725562120363046,0.564361614153086,0.46355898451377653,0.5138422258495015,,,,
Serbia and Montenegro,,,,0.0714285714285714,,0.18146927374225164,0.5496584523464503,,
Seychelles,0.09648760604882667,0.19208590800051195,0.16565699600786188,0.2148410457482155,0.1732820791450801,0.2005422579759567,0.18506707832337244,0.312660779398815,0.2568154793993107
Sierra Leone,0.3379421908785112,0.31714802763218997,0.3805021340959923,0.4196027680593637,0.3336118314693891,0.2550625720220998,0.2652576355622568,0.4191856637740775,0.30738057471748426
Singapore,0.5923559082366292,0.522510808563492,0.6528702684969288,0.6548188191302959,0.5743017268733339,0.5913543498342373,0.623302417073021,0.6815555023661483,0.7436343222101802
Slovakia,0.0714285714285714,,0.0714285714285714,0.28223215268769375,0.6097834052975286,0.6456812228913713,0.6546481696990335,0.7114744118674564,0.7366681818659088
Slovenia,,,0.0714285714285714,0.2792843001560543,0.6462452647938322,0.6688562425248821,0.7536213592608441,0.6923487059387201,0.6926812700338822
Solomon Islands,0.16502976215296428,0.22591326521240085,0.25145826234059476,0.2607748985689754,0.15278156356879147,0.15969925704934929,0.35116638821959256,0.36311409569034303,0.3805207856646946
Somalia,0.16261255665180008,0.22523972343901144,0.33310841305293926,0.22635144647229433,0.18999541561235078,0.10877145878093641,0.1096860764123957,0.2029423574986463,0.21612251803545068
South Africa,0.6713644304822574,0.6573923644503409,0.6777369926432621,0.673932958105707,0.6982600953834583,0.7226277322865541,0.690319833831611,0.692081833225362,0.697798909663319
South Korea,0.6085205155826576,0.6230982136841452,0.4966421521505672,0.45180157449435776,0.484094181893157,0.5107111605322514,0.5707168598924602,0.6680335882245578,0.7467850765285671
South Sudan,,,,,,,,,0.2312123624395479
Spain,0.5347239826291337,0.5297406395918564,0.6067849582346518,0.6877358235474523,0.7086753294324217,0.7506018781265824,0.8378616096981488,0.8693290160820575,0.8378905189917055
Sri Lanka,0.5589093105255712,0.5423310771777647,0.5953080523738712,0.5673909221969701,0.5846312683681677,0.5798230233032032,0.6123198594905359,0.6430053953490642,0.6038582445164338
St-Lucia,0.11406725154132868,,,0.23030193945712063,0.3026061132709713,0.14469602936254533,0.13146531374069625,0.20110250144087172,0.38329190377877187
Sudan,0.45740069709009734,0.48748435186856975,0.41730976422492716,0.47164910864877796,0.4235291820190602,0.4086519797054926,0.3750349821109964,0.5613157733098052,0.5658130395841956
Suriname,0.16050774538385804,0.23350236795273382,0.12320703988579385,0.1583463882810895,0.11121240529022047,0.17199391722641832,0.24854684883038125,0.3700036742301991,0.516849841837725
Swaziland,0.32758315227745227,0.3259866576102477,0.2985234227102076,0.29221931782230215,0.48589406206182295,0.4745245397344733,0.3564828667095613,0.44883965896780464,0.5351765311572512
Sweden,0.6615566304053688,0.7198390683913996,0.733969889516056,0.7355992483025096,0.7595731455973458,0.786640302101594,0.7989473014853323,0.8087938496006077,0.7985485462433828
Switzerland,0.6946398774473792,0.6998492128586438,0.7486019400122822,0.7810051342641334,0.7883054038447697,0.8231516221570248,0.863179821030039,0.8822797943221383,0.8917339069544014
Syria,0.3215528069823149,0.3752902699233427,0.3225696191235762,0.33109942794940816,0.30238642907037483,0.4358761870478084,0.4299563877642425,0.4667660360029997,0.5747361989052557
Taiwan,0.5935750736251056,0.5619104105727708,0.5675877282869298,0.4904397126917638,0.5466381327318408,0.607909288557222,0.6596514186934784,0.6857039289078046,0.7449132236034841
Tajikistan,,,,0.33471731544603267,0.3831585287516551,0.32737158786339526,0.22555600364215012,0.4173628878852067,0.4195125409270387
Tanzania,0.39477159970733167,0.5663381044829389,0.46110917707696875,0.47544546737656235,0.42029922756003146,0.5222027820558997,0.45939704310242313,0.48128962409517606,0.5000164875724247
Thailand,0.4634376111238546,0.5416946982232443,0.574862997034818,0.5785866320872066,0.6114597884153128,0.599065697860361,0.6398458560882697,0.6463813655247349,0.6653187515986558
Togo,0.3525366427865533,0.19705413370558333,0.3620939722977966,0.2555733450205381,0.22607075755581518,0.40240725569722413,0.3604539379177546,0.4079684208463684,0.4815042172173556
Tonga,0.11406725154132868,0.19652942341048563,0.16464034802732053,0.17636713838239249,0.16242862967230154,0.15543092012028947,0.1926783884403086,0.2374437963869911,0.26194307722376653
Trinidad and Tobago,0.31903315151167455,0.43763243774968386,0.5028131538523715,0.5153202238088406,0.5338877433178575,0.5954761434642502,0.5249071192605332,0.6366292279608654,0.6446532142485939
Tunisia,0.5048381719662699,0.5473488681135869,0.553169325912135,0.4495268475151786,0.5347016421591504,0.4944514136117061,0.5211516916335761,0.5531136269425796,0.5583954862042018
Turkey,0.6359645355461878,0.6267541006242117,0.6666091166500631,0.6625719780835728,0.6229661815523675,0.6663063446442608,0.7212132118004377,0.767560637687057,0.7920549049233506
Turkmenistan,,,,0.21820607140262283,0.315754858194052,0.42668355297889815,0.23878695094847335,0.15514416828926947,0.18990766140497595
Tuvalu,,0.0714285714285714,,0.0714285714285714,0.0714285714285714,0.12608254784903927,0.09502201033761071,0.0714285714285714,0.14380955130459194
Uganda,0.3810196237136546,0.412651005278603,0.4225167790405314,0.3201166166406235,0.3645143142854853,0.3419038057924443,0.35840613349717365,0.4578769254775136,0.42469216959997025
Ukraine,0.0714285714285714,0.0714285714285714,0.0714285714285714,0.3318960745459292,0.3837746770496483,0.3501144461519956,0.3679396334267643,0.4059912359135289,0.4040827282988848
United Arab Emirates,0.22199748267468333,0.5052091303433641,0.33325821802062094,0.5399363464643709,0.641882129742017,0.7066450964942329,0.6623402996192769,0.6870229416615101,0.7415950295408982
United Arab Republic,0.40491024829521405,,,,,,,,
United Kingdom,0.8999889825124383,0.9177026965818936,0.9055907884103754,0.8788967289074218,0.8380216937680847,0.7920646946742906,0.7573567514948452,0.7169172495901986,0.6867167777317758
United States,0.8129703430677941,0.8108038492388556,0.8142575651364767,0.816124903493598,0.8082025821043446,0.7934627704136614,0.7963285320634923,0.8054050791955927,0.7888395850084652
Uruguay,0.4312533059473519,0.49025415180893883,0.46215647463477527,0.7125388848716709,0.6259311916629078,0.6727192994062162,0.6869914432504791,0.645219552802804,0.6880807336534898
Uzbekistan,0.0714285714285714,,,0.2557896483568126,0.2750754920974131,0.3116899882943761,0.3808810784848641,0.3472762300798864,0.37919354390281357
Vanuatu,0.11195229572224152,0.25773678283446366,0.11402847257641291,0.2446043945033295,0.22628355926789845,0.21201042472148146,0.21797045712485752,0.27781498574423347,0.2679258357487395
Vatican,0.08763449551831293,0.13765148677806693,0.12717820919562894,0.18833750498002566,0.17936320774671233,0.21723323217058865,0.23145386717148086,0.14866032640785665,0.12670163996406458
Venezuela,0.6447094739770735,0.6156288634302647,0.6957057999915075,0.7260889708922755,0.6636942157816651,0.6784879562216768,0.7052320855070229,0.7372709763131362,0.6385112152044428
Vietnam,0.5241516663147388,0.2417312180291703,0.34580987053729473,0.24006022389645687,0.3471933632377304,0.4217728341339215,0.5227667421623745,0.5317322401971617,0.5302315754475637
Western Sahara,,0.0714285714285714,,,,,,,0.0714285714285714
Yemen,0.11771350542737635,0.2989452125979357,0.46145798862667475,0.3878887809047412,0.5146182954822245,0.5912965106185575,0.5280863381267257,0.7076530416267764,0.6104324296821124
Yugoslavia,0.6052323980505407,0.6495907702223284,0.6570299627132876,0.6387904423217703,0.5543664892831495,0.4903721522507688,0.4978211485812385,,
Zambia,0.536580579120727,0.5491017884718713,0.5082706403998981,0.3986305134078003,0.43015485300399514,0.41051959543955363,0.5067164439540742,0.4056943378774662,0.44224790508105816
Zimbabwe,0.3957751760817102,0.42567796992593154,0.4865026681824519,0.5365422949708963,0.4901674334284587,0.5213459001821709,0.4782952561428063,0.5749678737975419,0.5532881581989819
