discipline,Time_Interval,Papers
Acoustics,1973-1977,5451.0
Addictive Diseases,1973-1977,2510.0
Aerospace Technology,1973-1977,5054.0
Agricult & Food Science,1973-1977,40124.0
Allergy,1973-1977,2485.0
Analytical Chemistry,1973-1977,23875.0
Anatomy & Morphology,1973-1977,3728.0
Anesthesiology,1973-1977,5608.0
Anthropology and Archaeology,1973-1977,5301.0
Applied Chemistry,1973-1977,8300.0
Applied Mathematics,1973-1977,6137.0
Applied Physics,1973-1977,46519.0
Area Studies,1973-1977,4533.0
Arthritis & Rheumatology,1973-1977,2432.0
Astronomy & Astrophysics,1973-1977,17778.0
Behavioral Science & Complementary Psychology,1973-1977,6758.0
Biochemistry & Molecular Biology,1973-1977,80256.0
Biomedical Engineering,1973-1977,3651.0
Biophysics,1973-1977,3452.0
Botany,1973-1977,37872.0
Cancer,1973-1977,17731.0
Cardiovascular System,1973-1977,15416.0
Cellular Biology Cytology & Histology,1973-1977,18027.0
Chemical Engineering,1973-1977,15404.0
Chemical Physics,1973-1977,24088.0
Civil Engineering,1973-1977,4930.0
Clinical Psychology,1973-1977,5821.0
Communication,1973-1977,1923.0
Computers,1973-1977,6941.0
Criminology,1973-1977,2293.0
Dairy & Animal Science,1973-1977,9867.0
Demography,1973-1977,1525.0
Dentistry,1973-1977,10227.0
Dermatology & Venerial Disease,1973-1977,8297.0
Developmental & Child Psychology,1973-1977,5065.0
Earth & planetary Science,1973-1977,20866.0
Ecology,1973-1977,7410.0
Economics,1973-1977,15689.0
Education,1973-1977,16825.0
Electrical Engineering & Electronics,1973-1977,31959.0
Embryology,1973-1977,2255.0
Endocrinology,1973-1977,15608.0
Entomology,1973-1977,11958.0
Environmental & Occupational Health,1973-1977,7649.0
Environmental Science,1973-1977,9251.0
Experimental Psychology,1973-1977,9423.0
Fertility,1973-1977,4580.0
Fine Arts & Architecture,1973-1977,2431.0
Fluids & Plasmas,1973-1977,4919.0
Gastroenterology,1973-1977,8094.0
General & Internal Medicine,1973-1977,100180.0
General Biology,1973-1977,2857.0
General Biomedical Research,1973-1977,69323.0
General Chemistry,1973-1977,79331.0
General Engineering,1973-1977,6691.0
General Mathematics,1973-1977,34171.0
General Physics,1973-1977,66046.0
General Psychology,1973-1977,7361.0
General Social Sciences,1973-1977,7529.0
General Zoology,1973-1977,6945.0
Genetics & Heredity,1973-1977,16081.0
Geography,1973-1977,4061.0
Geology,1973-1977,10476.0
Geriatrics,1973-1977,2526.0
Geriatrics & Gerontology,1973-1977,1434.0
Health Policy & Services,1973-1977,2087.0
Hematology,1973-1977,8268.0
History,1973-1977,8153.0
Human Factors,1973-1977,1251.0
Immunology,1973-1977,25982.0
Industrial Engineering,1973-1977,408.0
Information Science & Library Science,1973-1977,5185.0
Inorganic & Nuclear Chemistry,1973-1977,18683.0
International Relations,1973-1977,3840.0
Language & Linguistics,1973-1977,5524.0
Law,1973-1977,8910.0
Literature,1973-1977,10959.0
Management,1973-1977,16585.0
Marine Biology & Hydrobiology,1973-1977,10774.0
Materials Science,1973-1977,14001.0
Mechanical Engineering,1973-1977,17924.0
Metals & Metallurgy,1973-1977,23601.0
Meteorology & Atmospheric Science,1973-1977,4981.0
Microbiology,1973-1977,18926.0
Microscopy,1973-1977,1503.0
Miscellaneous Biology,1973-1977,1937.0
Miscellaneous Biomedical Research,1973-1977,5003.0
Miscellaneous Clinical Medicine,1973-1977,2760.0
Miscellaneous Engineering & Technology,1973-1977,1975.0
Miscellaneous Humanities,1973-1977,2940.0
Miscellaneous Mathematics,1973-1977,818.0
Miscellaneous Physics,1973-1977,898.0
Miscellaneous Professional Field,1973-1977,2594.0
Miscellaneous Psychology,1973-1977,7122.0
Miscellaneous Social Sciences,1973-1977,4638.0
Miscellaneous Zoology,1973-1977,5569.0
Nephrology,1973-1977,1254.0
Neurology & Neurosurgery,1973-1977,30136.0
Nuclear & Particle Physics,1973-1977,22875.0
Nuclear Technology,1973-1977,9652.0
Nursing,1973-1977,1245.0
Nutrition & Dietetic,1973-1977,6520.0
Obstetrics & Gynecology,1973-1977,9603.0
Oceanography & Limnology,1973-1977,3503.0
Operations Research,1973-1977,2331.0
Ophthalmology,1973-1977,12069.0
Optics,1973-1977,8777.0
Organic Chemistry,1973-1977,41231.0
Orthopedics,1973-1977,6309.0
Otorhinolaryngology,1973-1977,6189.0
Parasitology,1973-1977,4984.0
Pathology,1973-1977,11483.0
Pediatrics,1973-1977,14650.0
Performing Arts,1973-1977,2110.0
Pharmacology,1973-1977,44269.0
Pharmacy,1973-1977,10179.0
Philosophy,1973-1977,5247.0
Physical Chemistry,1973-1977,47617.0
Physiology,1973-1977,14199.0
Planning & Urban Studies,1973-1977,1017.0
Political Science and Public Administration,1973-1977,6394.0
Polymers,1973-1977,17337.0
Probability & Statistics,1973-1977,7231.0
Psychiatry,1973-1977,12110.0
Psychoanalysis,1973-1977,980.0
Public Health,1973-1977,3597.0
Radiology & Nuclear Medicine,1973-1977,18760.0
Rehabilitation,1973-1977,2855.0
Religion,1973-1977,2732.0
Respiratory System,1973-1977,5971.0
Science studies,1973-1977,963.0
Social Psychology,1973-1977,6547.0
"Social Sciences, Biomedical",1973-1977,497.0
Social Studies of Medicine,1973-1977,159.0
Social Work,1973-1977,2085.0
Sociology,1973-1977,7704.0
Solid State Physics,1973-1977,28057.0
Speech-Language Pathology and Audiology,1973-1977,1819.0
Surgery,1973-1977,28053.0
Tropical Medicine,1973-1977,3241.0
Urology,1973-1977,5961.0
Veterinary Medicine,1973-1977,15300.0
Virology,1973-1977,7737.0
Acoustics,1978-1982,6325.0
Addictive Diseases,1978-1982,3618.0
Aerospace Technology,1978-1982,5400.0
Agricult & Food Science,1978-1982,66039.0
Allergy,1978-1982,2599.0
Analytical Chemistry,1978-1982,32857.0
Anatomy & Morphology,1978-1982,4025.0
Anesthesiology,1978-1982,6512.0
Anthropology and Archaeology,1978-1982,6500.0
Applied Chemistry,1978-1982,9117.0
Applied Mathematics,1978-1982,8820.0
Applied Physics,1978-1982,57883.0
Area Studies,1978-1982,6110.0
Arthritis & Rheumatology,1978-1982,4969.0
Astronomy & Astrophysics,1978-1982,22173.0
Behavioral Science & Complementary Psychology,1978-1982,7951.0
Biochemistry & Molecular Biology,1978-1982,105998.0
Biomedical Engineering,1978-1982,6292.0
Biophysics,1978-1982,5221.0
Botany,1978-1982,55194.0
Cancer,1978-1982,28779.0
Cardiovascular System,1978-1982,22743.0
Cellular Biology Cytology & Histology,1978-1982,23113.0
Chemical Engineering,1978-1982,20673.0
Chemical Physics,1978-1982,29881.0
Civil Engineering,1978-1982,8730.0
Clinical Psychology,1978-1982,6815.0
Communication,1978-1982,2123.0
Computers,1978-1982,13193.0
Criminology,1978-1982,2351.0
Dairy & Animal Science,1978-1982,14818.0
Demography,1978-1982,1898.0
Dentistry,1978-1982,12868.0
Dermatology & Venerial Disease,1978-1982,13547.0
Developmental & Child Psychology,1978-1982,5960.0
Earth & planetary Science,1978-1982,28066.0
Ecology,1978-1982,13038.0
Economics,1978-1982,20517.0
Education,1978-1982,18588.0
Electrical Engineering & Electronics,1978-1982,42673.0
Embryology,1978-1982,2851.0
Endocrinology,1978-1982,21100.0
Entomology,1978-1982,16763.0
Environmental & Occupational Health,1978-1982,9059.0
Environmental Science,1978-1982,17178.0
Experimental Psychology,1978-1982,8507.0
Fertility,1978-1982,6479.0
Fine Arts & Architecture,1978-1982,5504.0
Fluids & Plasmas,1978-1982,5202.0
Gastroenterology,1978-1982,10893.0
General & Internal Medicine,1978-1982,128781.0
General Biology,1978-1982,4471.0
General Biomedical Research,1978-1982,71043.0
General Chemistry,1978-1982,79267.0
General Engineering,1978-1982,3926.0
General Mathematics,1978-1982,35792.0
General Physics,1978-1982,80788.0
General Psychology,1978-1982,6686.0
General Social Sciences,1978-1982,8627.0
General Zoology,1978-1982,12517.0
Genetics & Heredity,1978-1982,21389.0
Geography,1978-1982,4936.0
Geology,1978-1982,15124.0
Geriatrics,1978-1982,3524.0
Geriatrics & Gerontology,1978-1982,1685.0
Health Policy & Services,1978-1982,3243.0
Hematology,1978-1982,12068.0
History,1978-1982,12759.0
Human Factors,1978-1982,1703.0
Immunology,1978-1982,39912.0
Industrial Engineering,1978-1982,1027.0
Information Science & Library Science,1978-1982,8081.0
Inorganic & Nuclear Chemistry,1978-1982,21612.0
International Relations,1978-1982,4614.0
Language & Linguistics,1978-1982,8551.0
Law,1978-1982,9294.0
Literature,1978-1982,21201.0
Management,1978-1982,19400.0
Marine Biology & Hydrobiology,1978-1982,17476.0
Materials Science,1978-1982,21846.0
Mechanical Engineering,1978-1982,20744.0
Metals & Metallurgy,1978-1982,30074.0
Meteorology & Atmospheric Science,1978-1982,6485.0
Microbiology,1978-1982,22613.0
Microscopy,1978-1982,2163.0
Miscellaneous Biology,1978-1982,2949.0
Miscellaneous Biomedical Research,1978-1982,6842.0
Miscellaneous Clinical Medicine,1978-1982,4054.0
Miscellaneous Engineering & Technology,1978-1982,4915.0
Miscellaneous Humanities,1978-1982,5785.0
Miscellaneous Mathematics,1978-1982,2293.0
Miscellaneous Physics,1978-1982,1203.0
Miscellaneous Professional Field,1978-1982,3939.0
Miscellaneous Psychology,1978-1982,11235.0
Miscellaneous Social Sciences,1978-1982,5750.0
Miscellaneous Zoology,1978-1982,7423.0
Nephrology,1978-1982,3939.0
Neurology & Neurosurgery,1978-1982,49606.0
Nuclear & Particle Physics,1978-1982,27606.0
Nuclear Technology,1978-1982,12954.0
Nursing,1978-1982,1759.0
Nutrition & Dietetic,1978-1982,9991.0
Obstetrics & Gynecology,1978-1982,13522.0
Oceanography & Limnology,1978-1982,5816.0
Operations Research,1978-1982,2274.0
Ophthalmology,1978-1982,15584.0
Optics,1978-1982,16500.0
Organic Chemistry,1978-1982,43556.0
Orthopedics,1978-1982,7992.0
Otorhinolaryngology,1978-1982,10174.0
Parasitology,1978-1982,6936.0
Pathology,1978-1982,14347.0
Pediatrics,1978-1982,18212.0
Performing Arts,1978-1982,4193.0
Pharmacology,1978-1982,63318.0
Pharmacy,1978-1982,12052.0
Philosophy,1978-1982,7626.0
Physical Chemistry,1978-1982,60464.0
Physiology,1978-1982,18434.0
Planning & Urban Studies,1978-1982,1567.0
Political Science and Public Administration,1978-1982,7656.0
Polymers,1978-1982,22837.0
Probability & Statistics,1978-1982,9109.0
Psychiatry,1978-1982,15387.0
Psychoanalysis,1978-1982,1175.0
Public Health,1978-1982,4031.0
Radiology & Nuclear Medicine,1978-1982,26834.0
Rehabilitation,1978-1982,3631.0
Religion,1978-1982,4989.0
Respiratory System,1978-1982,7714.0
Science studies,1978-1982,1696.0
Social Psychology,1978-1982,7617.0
"Social Sciences, Biomedical",1978-1982,656.0
Social Studies of Medicine,1978-1982,1287.0
Social Work,1978-1982,2161.0
Sociology,1978-1982,8702.0
Solid State Physics,1978-1982,32358.0
Speech-Language Pathology and Audiology,1978-1982,2641.0
Surgery,1978-1982,37815.0
Tropical Medicine,1978-1982,4987.0
Urology,1978-1982,9143.0
Veterinary Medicine,1978-1982,33154.0
Virology,1978-1982,9822.0
Acoustics,1983-1987,7079.0
Addictive Diseases,1983-1987,4141.0
Aerospace Technology,1983-1987,6432.0
Agricult & Food Science,1983-1987,62976.0
Allergy,1983-1987,3678.0
Analytical Chemistry,1983-1987,37577.0
Anatomy & Morphology,1983-1987,4326.0
Anesthesiology,1983-1987,7972.0
Anthropology and Archaeology,1983-1987,7057.0
Applied Chemistry,1983-1987,9027.0
Applied Mathematics,1983-1987,13400.0
Applied Physics,1983-1987,69488.0
Area Studies,1983-1987,6447.0
Arthritis & Rheumatology,1983-1987,6683.0
Astronomy & Astrophysics,1983-1987,29725.0
Behavioral Science & Complementary Psychology,1983-1987,9022.0
Biochemistry & Molecular Biology,1983-1987,132595.0
Biomedical Engineering,1983-1987,9289.0
Biophysics,1983-1987,5741.0
Botany,1983-1987,65372.0
Cancer,1983-1987,41036.0
Cardiovascular System,1983-1987,34730.0
Cellular Biology Cytology & Histology,1983-1987,27374.0
Chemical Engineering,1983-1987,24243.0
Chemical Physics,1983-1987,35118.0
Civil Engineering,1983-1987,8960.0
Clinical Psychology,1983-1987,6849.0
Communication,1983-1987,2339.0
Computers,1983-1987,27651.0
Criminology,1983-1987,2417.0
Dairy & Animal Science,1983-1987,15777.0
Demography,1983-1987,2094.0
Dentistry,1983-1987,16526.0
Dermatology & Venerial Disease,1983-1987,17207.0
Developmental & Child Psychology,1983-1987,7192.0
Earth & planetary Science,1983-1987,35160.0
Ecology,1983-1987,16800.0
Economics,1983-1987,24941.0
Education,1983-1987,17484.0
Electrical Engineering & Electronics,1983-1987,48336.0
Embryology,1983-1987,3484.0
Endocrinology,1983-1987,26335.0
Entomology,1983-1987,19991.0
Environmental & Occupational Health,1983-1987,10816.0
Environmental Science,1983-1987,23580.0
Experimental Psychology,1983-1987,8300.0
Fertility,1983-1987,7225.0
Fine Arts & Architecture,1983-1987,6754.0
Fluids & Plasmas,1983-1987,6911.0
Gastroenterology,1983-1987,15355.0
General & Internal Medicine,1983-1987,127537.0
General Biology,1983-1987,5352.0
General Biomedical Research,1983-1987,71596.0
General Chemistry,1983-1987,87963.0
General Engineering,1983-1987,4187.0
General Mathematics,1983-1987,45433.0
General Physics,1983-1987,98846.0
General Psychology,1983-1987,6731.0
General Social Sciences,1983-1987,8009.0
General Zoology,1983-1987,14864.0
Genetics & Heredity,1983-1987,27774.0
Geography,1983-1987,6676.0
Geology,1983-1987,22436.0
Geriatrics,1983-1987,3559.0
Geriatrics & Gerontology,1983-1987,2119.0
Health Policy & Services,1983-1987,3613.0
Hematology,1983-1987,16582.0
History,1983-1987,15979.0
Human Factors,1983-1987,2168.0
Immunology,1983-1987,57030.0
Industrial Engineering,1983-1987,1488.0
Information Science & Library Science,1983-1987,8478.0
Inorganic & Nuclear Chemistry,1983-1987,25302.0
International Relations,1983-1987,4813.0
Language & Linguistics,1983-1987,11196.0
Law,1983-1987,10109.0
Literature,1983-1987,22033.0
Management,1983-1987,23763.0
Marine Biology & Hydrobiology,1983-1987,23249.0
Materials Science,1983-1987,31107.0
Mechanical Engineering,1983-1987,25181.0
Metals & Metallurgy,1983-1987,34133.0
Meteorology & Atmospheric Science,1983-1987,8436.0
Microbiology,1983-1987,30482.0
Microscopy,1983-1987,3303.0
Miscellaneous Biology,1983-1987,3179.0
Miscellaneous Biomedical Research,1983-1987,7808.0
Miscellaneous Clinical Medicine,1983-1987,5429.0
Miscellaneous Engineering & Technology,1983-1987,7597.0
Miscellaneous Humanities,1983-1987,7662.0
Miscellaneous Mathematics,1983-1987,4045.0
Miscellaneous Physics,1983-1987,1953.0
Miscellaneous Professional Field,1983-1987,2973.0
Miscellaneous Psychology,1983-1987,11794.0
Miscellaneous Social Sciences,1983-1987,6893.0
Miscellaneous Zoology,1983-1987,8292.0
Nephrology,1983-1987,5914.0
Neurology & Neurosurgery,1983-1987,68932.0
Nuclear & Particle Physics,1983-1987,39093.0
Nuclear Technology,1983-1987,14504.0
Nursing,1983-1987,2471.0
Nutrition & Dietetic,1983-1987,12356.0
Obstetrics & Gynecology,1983-1987,16595.0
Oceanography & Limnology,1983-1987,8681.0
Operations Research,1983-1987,3047.0
Ophthalmology,1983-1987,17275.0
Optics,1983-1987,22616.0
Organic Chemistry,1983-1987,48880.0
Orthopedics,1983-1987,11153.0
Otorhinolaryngology,1983-1987,12012.0
Parasitology,1983-1987,8126.0
Pathology,1983-1987,17352.0
Pediatrics,1983-1987,18726.0
Performing Arts,1983-1987,5298.0
Pharmacology,1983-1987,81189.0
Pharmacy,1983-1987,13909.0
Philosophy,1983-1987,8532.0
Physical Chemistry,1983-1987,71959.0
Physiology,1983-1987,25535.0
Planning & Urban Studies,1983-1987,1655.0
Political Science and Public Administration,1983-1987,6920.0
Polymers,1983-1987,27036.0
Probability & Statistics,1983-1987,15715.0
Psychiatry,1983-1987,18752.0
Psychoanalysis,1983-1987,1996.0
Public Health,1983-1987,4773.0
Radiology & Nuclear Medicine,1983-1987,32985.0
Rehabilitation,1983-1987,3607.0
Religion,1983-1987,5771.0
Respiratory System,1983-1987,10381.0
Science studies,1983-1987,2231.0
Social Psychology,1983-1987,8054.0
"Social Sciences, Biomedical",1983-1987,1934.0
Social Studies of Medicine,1983-1987,381.0
Social Work,1983-1987,2644.0
Sociology,1983-1987,8978.0
Solid State Physics,1983-1987,40276.0
Speech-Language Pathology and Audiology,1983-1987,2633.0
Surgery,1983-1987,44434.0
Tropical Medicine,1983-1987,6416.0
Urology,1983-1987,11960.0
Veterinary Medicine,1983-1987,37052.0
Virology,1983-1987,11536.0
Acoustics,1988-1992,8588.0
Addictive Diseases,1988-1992,5383.0
Aerospace Technology,1988-1992,7876.0
Agricult & Food Science,1988-1992,64213.0
Allergy,1988-1992,4310.0
Analytical Chemistry,1988-1992,42992.0
Anatomy & Morphology,1988-1992,4510.0
Anesthesiology,1988-1992,10284.0
Anthropology and Archaeology,1988-1992,7320.0
Applied Chemistry,1988-1992,9185.0
Applied Mathematics,1988-1992,19258.0
Applied Physics,1988-1992,98910.0
Area Studies,1988-1992,7121.0
Arthritis & Rheumatology,1988-1992,8696.0
Astronomy & Astrophysics,1988-1992,36954.0
Behavioral Science & Complementary Psychology,1988-1992,10095.0
Biochemistry & Molecular Biology,1988-1992,160722.0
Biomedical Engineering,1988-1992,14412.0
Biophysics,1988-1992,5447.0
Botany,1988-1992,73670.0
Cancer,1988-1992,52472.0
Cardiovascular System,1988-1992,46000.0
Cellular Biology Cytology & Histology,1988-1992,30005.0
Chemical Engineering,1988-1992,24545.0
Chemical Physics,1988-1992,40413.0
Civil Engineering,1988-1992,10686.0
Clinical Psychology,1988-1992,6851.0
Communication,1988-1992,2161.0
Computers,1988-1992,45585.0
Criminology,1988-1992,2394.0
Dairy & Animal Science,1988-1992,16828.0
Demography,1988-1992,2276.0
Dentistry,1988-1992,17941.0
Dermatology & Venerial Disease,1988-1992,19199.0
Developmental & Child Psychology,1988-1992,7268.0
Earth & planetary Science,1988-1992,38565.0
Ecology,1988-1992,18288.0
Economics,1988-1992,28641.0
Education,1988-1992,17058.0
Electrical Engineering & Electronics,1988-1992,60380.0
Embryology,1988-1992,4389.0
Endocrinology,1988-1992,33727.0
Entomology,1988-1992,21111.0
Environmental & Occupational Health,1988-1992,12540.0
Environmental Science,1988-1992,30519.0
Experimental Psychology,1988-1992,8737.0
Fertility,1988-1992,9052.0
Fine Arts & Architecture,1988-1992,6517.0
Fluids & Plasmas,1988-1992,9917.0
Gastroenterology,1988-1992,21518.0
General & Internal Medicine,1988-1992,119714.0
General Biology,1988-1992,6335.0
General Biomedical Research,1988-1992,71528.0
General Chemistry,1988-1992,92076.0
General Engineering,1988-1992,3488.0
General Mathematics,1988-1992,48580.0
General Physics,1988-1992,120492.0
General Psychology,1988-1992,6353.0
General Social Sciences,1988-1992,7454.0
General Zoology,1988-1992,14731.0
Genetics & Heredity,1988-1992,41063.0
Geography,1988-1992,6991.0
Geology,1988-1992,26241.0
Geriatrics,1988-1992,4392.0
Geriatrics & Gerontology,1988-1992,2827.0
Health Policy & Services,1988-1992,4598.0
Hematology,1988-1992,20559.0
History,1988-1992,15368.0
Human Factors,1988-1992,2509.0
Immunology,1988-1992,72895.0
Industrial Engineering,1988-1992,1999.0
Information Science & Library Science,1988-1992,8915.0
Inorganic & Nuclear Chemistry,1988-1992,28888.0
International Relations,1988-1992,4521.0
Language & Linguistics,1988-1992,9790.0
Law,1988-1992,9806.0
Literature,1988-1992,18996.0
Management,1988-1992,25940.0
Marine Biology & Hydrobiology,1988-1992,27788.0
Materials Science,1988-1992,45190.0
Mechanical Engineering,1988-1992,27319.0
Metals & Metallurgy,1988-1992,33622.0
Meteorology & Atmospheric Science,1988-1992,10474.0
Microbiology,1988-1992,39389.0
Microscopy,1988-1992,4124.0
Miscellaneous Biology,1988-1992,3470.0
Miscellaneous Biomedical Research,1988-1992,9030.0
Miscellaneous Clinical Medicine,1988-1992,8081.0
Miscellaneous Engineering & Technology,1988-1992,7269.0
Miscellaneous Humanities,1988-1992,7619.0
Miscellaneous Mathematics,1988-1992,4964.0
Miscellaneous Physics,1988-1992,1866.0
Miscellaneous Professional Field,1988-1992,2322.0
Miscellaneous Psychology,1988-1992,11762.0
Miscellaneous Social Sciences,1988-1992,7461.0
Miscellaneous Zoology,1988-1992,9210.0
Nephrology,1988-1992,8650.0
Neurology & Neurosurgery,1988-1992,92922.0
Nuclear & Particle Physics,1988-1992,52338.0
Nuclear Technology,1988-1992,15309.0
Nursing,1988-1992,2986.0
Nutrition & Dietetic,1988-1992,14790.0
Obstetrics & Gynecology,1988-1992,20495.0
Oceanography & Limnology,1988-1992,10162.0
Operations Research,1988-1992,3190.0
Ophthalmology,1988-1992,19615.0
Optics,1988-1992,27256.0
Organic Chemistry,1988-1992,55477.0
Orthopedics,1988-1992,14568.0
Otorhinolaryngology,1988-1992,13671.0
Parasitology,1988-1992,9494.0
Pathology,1988-1992,20052.0
Pediatrics,1988-1992,20952.0
Performing Arts,1988-1992,4434.0
Pharmacology,1988-1992,93754.0
Pharmacy,1988-1992,13493.0
Philosophy,1988-1992,7709.0
Physical Chemistry,1988-1992,90434.0
Physiology,1988-1992,31756.0
Planning & Urban Studies,1988-1992,1922.0
Political Science and Public Administration,1988-1992,6950.0
Polymers,1988-1992,34105.0
Probability & Statistics,1988-1992,16778.0
Psychiatry,1988-1992,21368.0
Psychoanalysis,1988-1992,1948.0
Public Health,1988-1992,5861.0
Radiology & Nuclear Medicine,1988-1992,37976.0
Rehabilitation,1988-1992,4111.0
Religion,1988-1992,5448.0
Respiratory System,1988-1992,12861.0
Science studies,1988-1992,2302.0
Social Psychology,1988-1992,8279.0
"Social Sciences, Biomedical",1988-1992,2471.0
Social Studies of Medicine,1988-1992,213.0
Social Work,1988-1992,2841.0
Sociology,1988-1992,9372.0
Solid State Physics,1988-1992,53050.0
Speech-Language Pathology and Audiology,1988-1992,2918.0
Surgery,1988-1992,49364.0
Tropical Medicine,1988-1992,8161.0
Urology,1988-1992,14403.0
Veterinary Medicine,1988-1992,38086.0
Virology,1988-1992,16066.0
Acoustics,1993-1997,11298.0
Addictive Diseases,1993-1997,7829.0
Aerospace Technology,1993-1997,13442.0
Agricult & Food Science,1993-1997,67165.0
Allergy,1993-1997,5548.0
Analytical Chemistry,1993-1997,51055.0
Anatomy & Morphology,1993-1997,3970.0
Anesthesiology,1993-1997,14080.0
Anthropology and Archaeology,1993-1997,8299.0
Applied Chemistry,1993-1997,9244.0
Applied Mathematics,1993-1997,28313.0
Applied Physics,1993-1997,121377.0
Area Studies,1993-1997,6870.0
Arthritis & Rheumatology,1993-1997,11117.0
Astronomy & Astrophysics,1993-1997,52903.0
Behavioral Science & Complementary Psychology,1993-1997,11144.0
Biochemistry & Molecular Biology,1993-1997,200909.0
Biomedical Engineering,1993-1997,19348.0
Biophysics,1993-1997,8491.0
Botany,1993-1997,81018.0
Cancer,1993-1997,71418.0
Cardiovascular System,1993-1997,55804.0
Cellular Biology Cytology & Histology,1993-1997,32828.0
Chemical Engineering,1993-1997,34717.0
Chemical Physics,1993-1997,52109.0
Civil Engineering,1993-1997,12292.0
Clinical Psychology,1993-1997,9526.0
Communication,1993-1997,2766.0
Computers,1993-1997,60777.0
Criminology,1993-1997,2580.0
Dairy & Animal Science,1993-1997,17405.0
Demography,1993-1997,2372.0
Dentistry,1993-1997,18788.0
Dermatology & Venerial Disease,1993-1997,21646.0
Developmental & Child Psychology,1993-1997,9312.0
Earth & planetary Science,1993-1997,47257.0
Ecology,1993-1997,22326.0
Economics,1993-1997,34237.0
Education,1993-1997,17183.0
Electrical Engineering & Electronics,1993-1997,88365.0
Embryology,1993-1997,5899.0
Endocrinology,1993-1997,39849.0
Entomology,1993-1997,21053.0
Environmental & Occupational Health,1993-1997,15770.0
Environmental Science,1993-1997,43507.0
Experimental Psychology,1993-1997,10570.0
Fertility,1993-1997,11672.0
Fine Arts & Architecture,1993-1997,6545.0
Fluids & Plasmas,1993-1997,13866.0
Gastroenterology,1993-1997,29110.0
General & Internal Medicine,1993-1997,100915.0
General Biology,1993-1997,7772.0
General Biomedical Research,1993-1997,70530.0
General Chemistry,1993-1997,99597.0
General Engineering,1993-1997,3024.0
General Mathematics,1993-1997,58464.0
General Physics,1993-1997,158671.0
General Psychology,1993-1997,7750.0
General Social Sciences,1993-1997,7825.0
General Zoology,1993-1997,14937.0
Genetics & Heredity,1993-1997,62037.0
Geography,1993-1997,7539.0
Geology,1993-1997,33318.0
Geriatrics,1993-1997,5076.0
Geriatrics & Gerontology,1993-1997,4485.0
Health Policy & Services,1993-1997,8276.0
Hematology,1993-1997,27573.0
History,1993-1997,16208.0
Human Factors,1993-1997,3344.0
Immunology,1993-1997,91105.0
Industrial Engineering,1993-1997,3322.0
Information Science & Library Science,1993-1997,9269.0
Inorganic & Nuclear Chemistry,1993-1997,32895.0
International Relations,1993-1997,4590.0
Language & Linguistics,1993-1997,9231.0
Law,1993-1997,10658.0
Literature,1993-1997,19400.0
Management,1993-1997,31316.0
Marine Biology & Hydrobiology,1993-1997,34362.0
Materials Science,1993-1997,74301.0
Mechanical Engineering,1993-1997,39063.0
Metals & Metallurgy,1993-1997,37875.0
Meteorology & Atmospheric Science,1993-1997,15505.0
Microbiology,1993-1997,48611.0
Microscopy,1993-1997,3521.0
Miscellaneous Biology,1993-1997,4417.0
Miscellaneous Biomedical Research,1993-1997,11838.0
Miscellaneous Clinical Medicine,1993-1997,10674.0
Miscellaneous Engineering & Technology,1993-1997,10841.0
Miscellaneous Humanities,1993-1997,6381.0
Miscellaneous Mathematics,1993-1997,7240.0
Miscellaneous Physics,1993-1997,3155.0
Miscellaneous Professional Field,1993-1997,2501.0
Miscellaneous Psychology,1993-1997,13372.0
Miscellaneous Social Sciences,1993-1997,8999.0
Miscellaneous Zoology,1993-1997,9659.0
Nephrology,1993-1997,13409.0
Neurology & Neurosurgery,1993-1997,125957.0
Nuclear & Particle Physics,1993-1997,74569.0
Nuclear Technology,1993-1997,16152.0
Nursing,1993-1997,6670.0
Nutrition & Dietetic,1993-1997,16517.0
Obstetrics & Gynecology,1993-1997,23015.0
Oceanography & Limnology,1993-1997,13211.0
Operations Research,1993-1997,4184.0
Ophthalmology,1993-1997,21045.0
Optics,1993-1997,42744.0
Organic Chemistry,1993-1997,69365.0
Orthopedics,1993-1997,19424.0
Otorhinolaryngology,1993-1997,16332.0
Parasitology,1993-1997,11237.0
Pathology,1993-1997,22020.0
Pediatrics,1993-1997,24199.0
Performing Arts,1993-1997,4691.0
Pharmacology,1993-1997,101597.0
Pharmacy,1993-1997,11625.0
Philosophy,1993-1997,8427.0
Physical Chemistry,1993-1997,119705.0
Physiology,1993-1997,34074.0
Planning & Urban Studies,1993-1997,2540.0
Political Science and Public Administration,1993-1997,8645.0
Polymers,1993-1997,46856.0
Probability & Statistics,1993-1997,18048.0
Psychiatry,1993-1997,27124.0
Psychoanalysis,1993-1997,1704.0
Public Health,1993-1997,9449.0
Radiology & Nuclear Medicine,1993-1997,44667.0
Rehabilitation,1993-1997,5553.0
Religion,1993-1997,5568.0
Respiratory System,1993-1997,15528.0
Science studies,1993-1997,2656.0
Social Psychology,1993-1997,8887.0
"Social Sciences, Biomedical",1993-1997,3168.0
Social Studies of Medicine,1993-1997,259.0
Social Work,1993-1997,3919.0
Sociology,1993-1997,10029.0
Solid State Physics,1993-1997,61949.0
Speech-Language Pathology and Audiology,1993-1997,3024.0
Surgery,1993-1997,57770.0
Tropical Medicine,1993-1997,8016.0
Urology,1993-1997,18152.0
Veterinary Medicine,1993-1997,40714.0
Virology,1993-1997,20390.0
Acoustics,1998-2002,12623.0
Addictive Diseases,1998-2002,9337.0
Aerospace Technology,1998-2002,12859.0
Agricult & Food Science,1998-2002,77592.0
Allergy,1998-2002,7323.0
Analytical Chemistry,1998-2002,56793.0
Anatomy & Morphology,1998-2002,3789.0
Anesthesiology,1998-2002,16454.0
Anthropology and Archaeology,1998-2002,10454.0
Applied Chemistry,1998-2002,9712.0
Applied Mathematics,1998-2002,39643.0
Applied Physics,1998-2002,132762.0
Area Studies,1998-2002,6761.0
Arthritis & Rheumatology,1998-2002,14367.0
Astronomy & Astrophysics,1998-2002,68505.0
Behavioral Science & Complementary Psychology,1998-2002,12032.0
Biochemistry & Molecular Biology,1998-2002,222794.0
Biomedical Engineering,1998-2002,22761.0
Biophysics,1998-2002,10313.0
Botany,1998-2002,86924.0
Cancer,1998-2002,85479.0
Cardiovascular System,1998-2002,66614.0
Cellular Biology Cytology & Histology,1998-2002,38432.0
Chemical Engineering,1998-2002,45615.0
Chemical Physics,1998-2002,55549.0
Civil Engineering,1998-2002,15337.0
Clinical Psychology,1998-2002,10869.0
Communication,1998-2002,3130.0
Computers,1998-2002,92335.0
Criminology,1998-2002,2964.0
Dairy & Animal Science,1998-2002,19432.0
Demography,1998-2002,2248.0
Dentistry,1998-2002,23393.0
Dermatology & Venerial Disease,1998-2002,25173.0
Developmental & Child Psychology,1998-2002,10027.0
Earth & planetary Science,1998-2002,59048.0
Ecology,1998-2002,29939.0
Economics,1998-2002,38902.0
Education,1998-2002,17282.0
Electrical Engineering & Electronics,1998-2002,103805.0
Embryology,1998-2002,8486.0
Endocrinology,1998-2002,45611.0
Entomology,1998-2002,22468.0
Environmental & Occupational Health,1998-2002,19243.0
Environmental Science,1998-2002,58474.0
Experimental Psychology,1998-2002,12299.0
Fertility,1998-2002,12350.0
Fine Arts & Architecture,1998-2002,6810.0
Fluids & Plasmas,1998-2002,16942.0
Gastroenterology,1998-2002,35368.0
General & Internal Medicine,1998-2002,106253.0
General Biology,1998-2002,10807.0
General Biomedical Research,1998-2002,77463.0
General Chemistry,1998-2002,98715.0
General Engineering,1998-2002,2638.0
General Mathematics,1998-2002,70860.0
General Physics,1998-2002,193437.0
General Psychology,1998-2002,7618.0
General Social Sciences,1998-2002,7885.0
General Zoology,1998-2002,18433.0
Genetics & Heredity,1998-2002,71208.0
Geography,1998-2002,8265.0
Geology,1998-2002,46112.0
Geriatrics,1998-2002,6252.0
Geriatrics & Gerontology,1998-2002,5230.0
Health Policy & Services,1998-2002,11270.0
Hematology,1998-2002,32226.0
History,1998-2002,17316.0
Human Factors,1998-2002,3710.0
Immunology,1998-2002,101268.0
Industrial Engineering,1998-2002,5031.0
Information Science & Library Science,1998-2002,8731.0
Inorganic & Nuclear Chemistry,1998-2002,38967.0
International Relations,1998-2002,4732.0
Language & Linguistics,1998-2002,10267.0
Law,1998-2002,10484.0
Literature,1998-2002,19510.0
Management,1998-2002,35800.0
Marine Biology & Hydrobiology,1998-2002,42662.0
Materials Science,1998-2002,109080.0
Mechanical Engineering,1998-2002,47553.0
Metals & Metallurgy,1998-2002,46762.0
Meteorology & Atmospheric Science,1998-2002,21316.0
Microbiology,1998-2002,56968.0
Microscopy,1998-2002,3367.0
Miscellaneous Biology,1998-2002,9237.0
Miscellaneous Biomedical Research,1998-2002,13363.0
Miscellaneous Clinical Medicine,1998-2002,16958.0
Miscellaneous Engineering & Technology,1998-2002,13327.0
Miscellaneous Humanities,1998-2002,6440.0
Miscellaneous Mathematics,1998-2002,8664.0
Miscellaneous Physics,1998-2002,4039.0
Miscellaneous Professional Field,1998-2002,2609.0
Miscellaneous Psychology,1998-2002,14958.0
Miscellaneous Social Sciences,1998-2002,9237.0
Miscellaneous Zoology,1998-2002,10475.0
Nephrology,1998-2002,16970.0
Neurology & Neurosurgery,1998-2002,156334.0
Nuclear & Particle Physics,1998-2002,90425.0
Nuclear Technology,1998-2002,18519.0
Nursing,1998-2002,8769.0
Nutrition & Dietetic,1998-2002,19817.0
Obstetrics & Gynecology,1998-2002,24606.0
Oceanography & Limnology,1998-2002,17304.0
Operations Research,1998-2002,5303.0
Ophthalmology,1998-2002,26067.0
Optics,1998-2002,49924.0
Organic Chemistry,1998-2002,82478.0
Orthopedics,1998-2002,23605.0
Otorhinolaryngology,1998-2002,18616.0
Parasitology,1998-2002,11608.0
Pathology,1998-2002,22979.0
Pediatrics,1998-2002,26107.0
Performing Arts,1998-2002,5030.0
Pharmacology,1998-2002,110332.0
Pharmacy,1998-2002,10718.0
Philosophy,1998-2002,9336.0
Physical Chemistry,1998-2002,149231.0
Physiology,1998-2002,36340.0
Planning & Urban Studies,1998-2002,3419.0
Political Science and Public Administration,1998-2002,10030.0
Polymers,1998-2002,56442.0
Probability & Statistics,1998-2002,21448.0
Psychiatry,1998-2002,33254.0
Psychoanalysis,1998-2002,2635.0
Public Health,1998-2002,15260.0
Radiology & Nuclear Medicine,1998-2002,51817.0
Rehabilitation,1998-2002,8194.0
Religion,1998-2002,6337.0
Respiratory System,1998-2002,18306.0
Science studies,1998-2002,3537.0
Social Psychology,1998-2002,9661.0
"Social Sciences, Biomedical",1998-2002,3535.0
Social Studies of Medicine,1998-2002,411.0
Social Work,1998-2002,4187.0
Sociology,1998-2002,10913.0
Solid State Physics,1998-2002,69750.0
Speech-Language Pathology and Audiology,1998-2002,3356.0
Surgery,1998-2002,66441.0
Tropical Medicine,1998-2002,8058.0
Urology,1998-2002,22055.0
Veterinary Medicine,1998-2002,50130.0
Virology,1998-2002,21781.0
Acoustics,2003-2007,15159.0
Addictive Diseases,2003-2007,11025.0
Aerospace Technology,2003-2007,14123.0
Agricult & Food Science,2003-2007,105443.0
Allergy,2003-2007,8202.0
Analytical Chemistry,2003-2007,66492.0
Anatomy & Morphology,2003-2007,4200.0
Anesthesiology,2003-2007,16863.0
Anthropology and Archaeology,2003-2007,12310.0
Applied Chemistry,2003-2007,12850.0
Applied Mathematics,2003-2007,59872.0
Applied Physics,2003-2007,161603.0
Area Studies,2003-2007,7221.0
Arthritis & Rheumatology,2003-2007,21044.0
Astronomy & Astrophysics,2003-2007,87973.0
Behavioral Science & Complementary Psychology,2003-2007,15115.0
Biochemistry & Molecular Biology,2003-2007,230870.0
Biomedical Engineering,2003-2007,32110.0
Biophysics,2003-2007,13468.0
Botany,2003-2007,104250.0
Cancer,2003-2007,117043.0
Cardiovascular System,2003-2007,80006.0
Cellular Biology Cytology & Histology,2003-2007,50115.0
Chemical Engineering,2003-2007,61017.0
Chemical Physics,2003-2007,63139.0
Civil Engineering,2003-2007,22130.0
Clinical Psychology,2003-2007,13593.0
Communication,2003-2007,4200.0
Computers,2003-2007,171793.0
Criminology,2003-2007,4042.0
Dairy & Animal Science,2003-2007,22890.0
Demography,2003-2007,2819.0
Dentistry,2003-2007,30029.0
Dermatology & Venerial Disease,2003-2007,27257.0
Developmental & Child Psychology,2003-2007,12164.0
Earth & planetary Science,2003-2007,80381.0
Ecology,2003-2007,42894.0
Economics,2003-2007,49885.0
Education,2003-2007,21338.0
Electrical Engineering & Electronics,2003-2007,139393.0
Embryology,2003-2007,8162.0
Endocrinology,2003-2007,55632.0
Entomology,2003-2007,28284.0
Environmental & Occupational Health,2003-2007,25970.0
Environmental Science,2003-2007,85182.0
Experimental Psychology,2003-2007,16436.0
Fertility,2003-2007,13285.0
Fine Arts & Architecture,2003-2007,6199.0
Fluids & Plasmas,2003-2007,23703.0
Gastroenterology,2003-2007,46163.0
General & Internal Medicine,2003-2007,116710.0
General Biology,2003-2007,16224.0
General Biomedical Research,2003-2007,91076.0
General Chemistry,2003-2007,121218.0
General Engineering,2003-2007,3430.0
General Mathematics,2003-2007,89750.0
General Physics,2003-2007,231993.0
General Psychology,2003-2007,8009.0
General Social Sciences,2003-2007,8789.0
General Zoology,2003-2007,28554.0
Genetics & Heredity,2003-2007,86488.0
Geography,2003-2007,10627.0
Geology,2003-2007,60037.0
Geriatrics,2003-2007,7352.0
Geriatrics & Gerontology,2003-2007,7154.0
Health Policy & Services,2003-2007,16377.0
Hematology,2003-2007,37498.0
History,2003-2007,16753.0
Human Factors,2003-2007,4791.0
Immunology,2003-2007,110571.0
Industrial Engineering,2003-2007,8173.0
Information Science & Library Science,2003-2007,9490.0
Inorganic & Nuclear Chemistry,2003-2007,45878.0
International Relations,2003-2007,5248.0
Language & Linguistics,2003-2007,11431.0
Law,2003-2007,11778.0
Literature,2003-2007,19083.0
Management,2003-2007,49628.0
Marine Biology & Hydrobiology,2003-2007,52631.0
Materials Science,2003-2007,159867.0
Mechanical Engineering,2003-2007,62599.0
Metals & Metallurgy,2003-2007,59063.0
Meteorology & Atmospheric Science,2003-2007,29073.0
Microbiology,2003-2007,75466.0
Microscopy,2003-2007,3284.0
Miscellaneous Biology,2003-2007,19544.0
Miscellaneous Biomedical Research,2003-2007,16691.0
Miscellaneous Clinical Medicine,2003-2007,23554.0
Miscellaneous Engineering & Technology,2003-2007,20558.0
Miscellaneous Humanities,2003-2007,6199.0
Miscellaneous Mathematics,2003-2007,9428.0
Miscellaneous Physics,2003-2007,5020.0
Miscellaneous Professional Field,2003-2007,3491.0
Miscellaneous Psychology,2003-2007,17787.0
Miscellaneous Social Sciences,2003-2007,11075.0
Miscellaneous Zoology,2003-2007,10872.0
Nephrology,2003-2007,17952.0
Neurology & Neurosurgery,2003-2007,187980.0
Nuclear & Particle Physics,2003-2007,98011.0
Nuclear Technology,2003-2007,21096.0
Nursing,2003-2007,13551.0
Nutrition & Dietetic,2003-2007,25510.0
Obstetrics & Gynecology,2003-2007,28648.0
Oceanography & Limnology,2003-2007,23176.0
Operations Research,2003-2007,6810.0
Ophthalmology,2003-2007,33186.0
Optics,2003-2007,70221.0
Organic Chemistry,2003-2007,96064.0
Orthopedics,2003-2007,33030.0
Otorhinolaryngology,2003-2007,20630.0
Parasitology,2003-2007,13319.0
Pathology,2003-2007,24343.0
Pediatrics,2003-2007,31425.0
Performing Arts,2003-2007,4745.0
Pharmacology,2003-2007,136496.0
Pharmacy,2003-2007,11748.0
Philosophy,2003-2007,10063.0
Physical Chemistry,2003-2007,205465.0
Physiology,2003-2007,38225.0
Planning & Urban Studies,2003-2007,4628.0
Political Science and Public Administration,2003-2007,13077.0
Polymers,2003-2007,69185.0
Probability & Statistics,2003-2007,26910.0
Psychiatry,2003-2007,42973.0
Psychoanalysis,2003-2007,2465.0
Public Health,2003-2007,26635.0
Radiology & Nuclear Medicine,2003-2007,58916.0
Rehabilitation,2003-2007,11130.0
Religion,2003-2007,6272.0
Respiratory System,2003-2007,21897.0
Science studies,2003-2007,4310.0
Social Psychology,2003-2007,11750.0
"Social Sciences, Biomedical",2003-2007,5022.0
Social Studies of Medicine,2003-2007,578.0
Social Work,2003-2007,4863.0
Sociology,2003-2007,13077.0
Solid State Physics,2003-2007,75216.0
Speech-Language Pathology and Audiology,2003-2007,3903.0
Surgery,2003-2007,78779.0
Tropical Medicine,2003-2007,11257.0
Urology,2003-2007,31242.0
Veterinary Medicine,2003-2007,59421.0
Virology,2003-2007,26396.0
Acoustics,2008-2012,18056.0
Addictive Diseases,2008-2012,14810.0
Aerospace Technology,2008-2012,14092.0
Agricult & Food Science,2008-2012,161224.0
Allergy,2008-2012,9412.0
Analytical Chemistry,2008-2012,79257.0
Anatomy & Morphology,2008-2012,7378.0
Anesthesiology,2008-2012,17482.0
Anthropology and Archaeology,2008-2012,22258.0
Applied Chemistry,2008-2012,16005.0
Applied Mathematics,2008-2012,91267.0
Applied Physics,2008-2012,187659.0
Area Studies,2008-2012,12442.0
Arthritis & Rheumatology,2008-2012,31627.0
Astronomy & Astrophysics,2008-2012,116826.0
Behavioral Science & Complementary Psychology,2008-2012,19446.0
Biochemistry & Molecular Biology,2008-2012,250937.0
Biomedical Engineering,2008-2012,50087.0
Biophysics,2008-2012,15759.0
Botany,2008-2012,143176.0
Cancer,2008-2012,159973.0
Cardiovascular System,2008-2012,116217.0
Cellular Biology Cytology & Histology,2008-2012,64287.0
Chemical Engineering,2008-2012,92734.0
Chemical Physics,2008-2012,57747.0
Civil Engineering,2008-2012,36278.0
Clinical Psychology,2008-2012,20651.0
Communication,2008-2012,9252.0
Computers,2008-2012,130611.0
Criminology,2008-2012,7416.0
Dairy & Animal Science,2008-2012,28949.0
Demography,2008-2012,3958.0
Dentistry,2008-2012,45436.0
Dermatology & Venerial Disease,2008-2012,36841.0
Developmental & Child Psychology,2008-2012,19681.0
Earth & planetary Science,2008-2012,103118.0
Ecology,2008-2012,62140.0
Economics,2008-2012,88201.0
Education,2008-2012,45856.0
Electrical Engineering & Electronics,2008-2012,213240.0
Embryology,2008-2012,8563.0
Endocrinology,2008-2012,70122.0
Entomology,2008-2012,35054.0
Environmental & Occupational Health,2008-2012,37732.0
Environmental Science,2008-2012,144704.0
Experimental Psychology,2008-2012,25191.0
Fertility,2008-2012,16129.0
Fine Arts & Architecture,2008-2012,10900.0
Fluids & Plasmas,2008-2012,32185.0
Gastroenterology,2008-2012,57649.0
General & Internal Medicine,2008-2012,172325.0
General Biology,2008-2012,20519.0
General Biomedical Research,2008-2012,202266.0
General Chemistry,2008-2012,177039.0
General Engineering,2008-2012,5662.0
General Mathematics,2008-2012,133275.0
General Physics,2008-2012,252105.0
General Psychology,2008-2012,14862.0
General Social Sciences,2008-2012,15270.0
General Zoology,2008-2012,47885.0
Genetics & Heredity,2008-2012,113517.0
Geography,2008-2012,18456.0
Geology,2008-2012,84608.0
Geriatrics,2008-2012,9114.0
Geriatrics & Gerontology,2008-2012,11645.0
Health Policy & Services,2008-2012,31708.0
Hematology,2008-2012,46013.0
History,2008-2012,28379.0
Human Factors,2008-2012,8097.0
Immunology,2008-2012,131279.0
Industrial Engineering,2008-2012,12910.0
Information Science & Library Science,2008-2012,14797.0
Inorganic & Nuclear Chemistry,2008-2012,55332.0
International Relations,2008-2012,8235.0
Language & Linguistics,2008-2012,20934.0
Law,2008-2012,18309.0
Literature,2008-2012,25339.0
Management,2008-2012,95986.0
Marine Biology & Hydrobiology,2008-2012,62938.0
Materials Science,2008-2012,247455.0
Mechanical Engineering,2008-2012,87871.0
Metals & Metallurgy,2008-2012,78863.0
Meteorology & Atmospheric Science,2008-2012,45254.0
Microbiology,2008-2012,108147.0
Microscopy,2008-2012,5370.0
Miscellaneous Biology,2008-2012,24047.0
Miscellaneous Biomedical Research,2008-2012,21897.0
Miscellaneous Clinical Medicine,2008-2012,38455.0
Miscellaneous Engineering & Technology,2008-2012,51140.0
Miscellaneous Humanities,2008-2012,13259.0
Miscellaneous Mathematics,2008-2012,13112.0
Miscellaneous Physics,2008-2012,5792.0
Miscellaneous Professional Field,2008-2012,8836.0
Miscellaneous Psychology,2008-2012,25109.0
Miscellaneous Social Sciences,2008-2012,16742.0
Miscellaneous Zoology,2008-2012,11988.0
Nephrology,2008-2012,17615.0
Neurology & Neurosurgery,2008-2012,242492.0
Nuclear & Particle Physics,2008-2012,109623.0
Nuclear Technology,2008-2012,28309.0
Nursing,2008-2012,30994.0
Nutrition & Dietetic,2008-2012,36016.0
Obstetrics & Gynecology,2008-2012,40579.0
Oceanography & Limnology,2008-2012,32891.0
Operations Research,2008-2012,10776.0
Ophthalmology,2008-2012,43175.0
Optics,2008-2012,100474.0
Organic Chemistry,2008-2012,104580.0
Orthopedics,2008-2012,45218.0
Otorhinolaryngology,2008-2012,27000.0
Parasitology,2008-2012,20714.0
Pathology,2008-2012,32718.0
Pediatrics,2008-2012,44550.0
Performing Arts,2008-2012,7334.0
Pharmacology,2008-2012,192992.0
Pharmacy,2008-2012,16212.0
Philosophy,2008-2012,18116.0
Physical Chemistry,2008-2012,254553.0
Physiology,2008-2012,38763.0
Planning & Urban Studies,2008-2012,8171.0
Political Science and Public Administration,2008-2012,23573.0
Polymers,2008-2012,78639.0
Probability & Statistics,2008-2012,41032.0
Psychiatry,2008-2012,60523.0
Psychoanalysis,2008-2012,2906.0
Public Health,2008-2012,57633.0
Radiology & Nuclear Medicine,2008-2012,78864.0
Rehabilitation,2008-2012,21435.0
Religion,2008-2012,11172.0
Respiratory System,2008-2012,29252.0
Science studies,2008-2012,7825.0
Social Psychology,2008-2012,17145.0
"Social Sciences, Biomedical",2008-2012,6399.0
Social Studies of Medicine,2008-2012,467.0
Social Work,2008-2012,8751.0
Sociology,2008-2012,19578.0
Solid State Physics,2008-2012,79315.0
Speech-Language Pathology and Audiology,2008-2012,5348.0
Surgery,2008-2012,112856.0
Tropical Medicine,2008-2012,22287.0
Urology,2008-2012,44328.0
Veterinary Medicine,2008-2012,78307.0
Virology,2008-2012,32958.0
Acoustics,2013-2017,20138.0
Addictive Diseases,2013-2017,19194.0
Aerospace Technology,2013-2017,19390.0
Agricult & Food Science,2013-2017,204978.0
Allergy,2013-2017,11577.0
Analytical Chemistry,2013-2017,91092.0
Anatomy & Morphology,2013-2017,9070.0
Anesthesiology,2013-2017,18829.0
Anthropology and Archaeology,2013-2017,25824.0
Applied Chemistry,2013-2017,19303.0
Applied Mathematics,2013-2017,119399.0
Applied Physics,2013-2017,188497.0
Area Studies,2013-2017,15283.0
Arthritis & Rheumatology,2013-2017,36324.0
Astronomy & Astrophysics,2013-2017,151378.0
Behavioral Science & Complementary Psychology,2013-2017,22028.0
Biochemistry & Molecular Biology,2013-2017,264042.0
Biomedical Engineering,2013-2017,67638.0
Biophysics,2013-2017,15805.0
Botany,2013-2017,184367.0
Cancer,2013-2017,232687.0
Cardiovascular System,2013-2017,145792.0
Cellular Biology Cytology & Histology,2013-2017,85172.0
Chemical Engineering,2013-2017,150476.0
Chemical Physics,2013-2017,65032.0
Civil Engineering,2013-2017,58403.0
Clinical Psychology,2013-2017,27966.0
Communication,2013-2017,13498.0
Computers,2013-2017,192955.0
Criminology,2013-2017,9520.0
Dairy & Animal Science,2013-2017,35353.0
Demography,2013-2017,5793.0
Dentistry,2013-2017,53582.0
Dermatology & Venerial Disease,2013-2017,40864.0
Developmental & Child Psychology,2013-2017,26535.0
Earth & planetary Science,2013-2017,131447.0
Ecology,2013-2017,84403.0
Economics,2013-2017,111367.0
Education,2013-2017,60033.0
Electrical Engineering & Electronics,2013-2017,314627.0
Embryology,2013-2017,7877.0
Endocrinology,2013-2017,83731.0
Entomology,2013-2017,39019.0
Environmental & Occupational Health,2013-2017,48482.0
Environmental Science,2013-2017,248143.0
Experimental Psychology,2013-2017,30544.0
Fertility,2013-2017,14253.0
Fine Arts & Architecture,2013-2017,14587.0
Fluids & Plasmas,2013-2017,46127.0
Gastroenterology,2013-2017,66806.0
General & Internal Medicine,2013-2017,246786.0
General Biology,2013-2017,24622.0
General Biomedical Research,2013-2017,482875.0
General Chemistry,2013-2017,264772.0
General Engineering,2013-2017,9231.0
General Mathematics,2013-2017,160015.0
General Physics,2013-2017,247401.0
General Psychology,2013-2017,26596.0
General Social Sciences,2013-2017,19924.0
General Zoology,2013-2017,61423.0
Genetics & Heredity,2013-2017,138833.0
Geography,2013-2017,24643.0
Geology,2013-2017,119310.0
Geriatrics,2013-2017,12825.0
Geriatrics & Gerontology,2013-2017,17503.0
Health Policy & Services,2013-2017,48325.0
Hematology,2013-2017,49774.0
History,2013-2017,34194.0
Human Factors,2013-2017,13850.0
Immunology,2013-2017,153765.0
Industrial Engineering,2013-2017,23319.0
Information Science & Library Science,2013-2017,19713.0
Inorganic & Nuclear Chemistry,2013-2017,62088.0
International Relations,2013-2017,10006.0
Language & Linguistics,2013-2017,24689.0
Law,2013-2017,22350.0
Literature,2013-2017,29215.0
Management,2013-2017,120819.0
Marine Biology & Hydrobiology,2013-2017,72244.0
Materials Science,2013-2017,442127.0
Mechanical Engineering,2013-2017,130532.0
Metals & Metallurgy,2013-2017,93963.0
Meteorology & Atmospheric Science,2013-2017,65807.0
Microbiology,2013-2017,120265.0
Microscopy,2013-2017,5046.0
Miscellaneous Biology,2013-2017,27679.0
Miscellaneous Biomedical Research,2013-2017,25448.0
Miscellaneous Clinical Medicine,2013-2017,55087.0
Miscellaneous Engineering & Technology,2013-2017,106530.0
Miscellaneous Humanities,2013-2017,16817.0
Miscellaneous Mathematics,2013-2017,13741.0
Miscellaneous Physics,2013-2017,8211.0
Miscellaneous Professional Field,2013-2017,16796.0
Miscellaneous Psychology,2013-2017,31458.0
Miscellaneous Social Sciences,2013-2017,24662.0
Miscellaneous Zoology,2013-2017,13109.0
Nephrology,2013-2017,16166.0
Neurology & Neurosurgery,2013-2017,299866.0
Nuclear & Particle Physics,2013-2017,150033.0
Nuclear Technology,2013-2017,32543.0
Nursing,2013-2017,41731.0
Nutrition & Dietetic,2013-2017,45924.0
Obstetrics & Gynecology,2013-2017,45902.0
Oceanography & Limnology,2013-2017,45073.0
Operations Research,2013-2017,14863.0
Ophthalmology,2013-2017,50257.0
Optics,2013-2017,131800.0
Organic Chemistry,2013-2017,111457.0
Orthopedics,2013-2017,56508.0
Otorhinolaryngology,2013-2017,32301.0
Parasitology,2013-2017,26995.0
Pathology,2013-2017,43884.0
Pediatrics,2013-2017,52234.0
Performing Arts,2013-2017,8899.0
Pharmacology,2013-2017,238753.0
Pharmacy,2013-2017,18831.0
Philosophy,2013-2017,23021.0
Physical Chemistry,2013-2017,296065.0
Physiology,2013-2017,40838.0
Planning & Urban Studies,2013-2017,13018.0
Political Science and Public Administration,2013-2017,30804.0
Polymers,2013-2017,91727.0
Probability & Statistics,2013-2017,48726.0
Psychiatry,2013-2017,82749.0
Psychoanalysis,2013-2017,3046.0
Public Health,2013-2017,89368.0
Radiology & Nuclear Medicine,2013-2017,95362.0
Rehabilitation,2013-2017,29565.0
Religion,2013-2017,13905.0
Respiratory System,2013-2017,40806.0
Science studies,2013-2017,10353.0
Social Psychology,2013-2017,19224.0
"Social Sciences, Biomedical",2013-2017,8400.0
Social Studies of Medicine,2013-2017,489.0
Social Work,2013-2017,12041.0
Sociology,2013-2017,23946.0
Solid State Physics,2013-2017,76838.0
Speech-Language Pathology and Audiology,2013-2017,6187.0
Surgery,2013-2017,133002.0
Tropical Medicine,2013-2017,30542.0
Urology,2013-2017,48803.0
Veterinary Medicine,2013-2017,75527.0
Virology,2013-2017,35954.0
